ticker,company,cik,fcf_ttm,fcf_3y_avg,fcf_5y_avg,revenue_ttm,revenue_5y_cagr,shares_out,cash,total_debt,wacc,growth_stage1,growth_terminal,horizon_years,pv_stage1,pv_terminal,enterprise_value,equity_value,intrinsic_value_per_share,current_price,upside_pct,dcf_grade,method_notes,captured_at
ASRT,"Assertio Holdings, Inc.",0001808665,26408000.0,51236000.0,32929600.0,118713000.0,0.0169,6445161.0,10229000.0,39124000.0,0.09,0.02,0.025,5,210852021.44,579767804.85,790619826.29,761724826.29,118.19,18.02,500.0,A,two_stage_damodaran_v1,2026-04-27T06:35:03Z
CUBB,"Customers Bancorp, Inc.",0001488813,494169000.0,242637333.33,174789400.0,0.0,0.0,34212174.0,4411463000.0,0,0.09,0.02,0.025,5,998527836.1,2745595169.84,3744123005.93,8155586005.93,238.38,22.95,500.0,A,two_stage_damodaran_v1,2026-04-27T06:35:03Z
LPRO,Open Lending Corp,0001806201,82602000.0,86646666.67,65123800.0,24024000.0,-0.2868,117676162.0,176614000.0,84766000.0,0.09,0.02,0.025,5,356577890.89,980461935.57,1337039826.47,1428887826.47,12.14,1.21,500.0,A,two_stage_damodaran_v1,2026-04-27T06:35:03Z
BATL,BATTALION OIL CORP,0001282648,35355000.0,49837000.0,57047600.0,166043000.0,-0.0603,18256563.0,27965000.0,203465000.0,0.09,0.02,0.025,5,205094702.8,563937233.4,769031936.2,593531936.2,32.51,4.21,500.0,A,two_stage_damodaran_v1,2026-04-27T06:35:03Z
ACI,"Albertsons Companies, Inc.",0001646972,2853900000.0,3423266666.67,2593120000.0,77649700000.0,0.0532,513913121.0,195100000.0,9824100000.0,0.09,0.0532,0.025,5,15458396212.64,45462507812.91,60920904025.56,51291904025.56,99.81,16.59,500.0,A,two_stage_damodaran_v1,2026-04-27T06:35:03Z
ADV,Advantage Solutions Inc.,0001776661,207801000.0,207807333.33,246303400.0,3900125000.0,0.0075,327507690.0,240850000.0,1673861000.0,0.09,0.02,0.025,5,855191589.97,2351471650.38,3206663240.34,1773652240.34,5.42,0.9,499.7,A,two_stage_damodaran_v1,2026-04-27T06:35:03Z
COLL,"COLLEGIUM PHARMACEUTICAL, INC",0001267565,274288000.0,274288000.0,186521000.0,566767000.0,0.1756,31753211.0,231252000.0,0,0.09,0.12,0.025,5,1488920422.09,4954216029.94,6443136452.03,6674388452.03,210.2,36.3,479.1,A,two_stage_damodaran_v1,2026-04-27T06:35:03Z
BRN,BARNWELL INDUSTRIES INC,0000010048,4710000.0,4277333.33,2866400.0,13697000.0,-0.0675,12566314.0,3622000.0,0,0.09,0.02,0.025,5,17602552.5,48400736.93,66003289.43,69625289.43,5.54,1.04,432.8,A,two_stage_damodaran_v1,2026-04-27T06:35:03Z
CLMB,"Climb Global Solutions, Inc.",0000945983,42123000.0,29602333.33,26297600.0,352013000.0,0.016,4605692.0,36563000.0,0,0.09,0.02,0.025,5,121822777.4,334969158.7,456791936.1,493354936.1,107.12,21.14,406.7,A,two_stage_damodaran_v1,2026-04-27T06:35:03Z
DVN,DEVON ENERGY CORP/DE,0001090012,6544000000.0,6657666666.67,4663800000.0,17188000000.0,0.2893,621000000.0,1384000000.0,8389000000.0,0.09,0.12,0.025,5,36139881669.94,120251410641.26,156391292311.21,149386292311.21,240.56,50.07,380.4,A,two_stage_damodaran_v1,2026-04-27T06:35:03Z
GCO,GENESCO INC,0000018498,34493000.0,85106666.67,136232600.0,2292611000.0,0.0,10858224.0,105405000.0,23106000.0,0.09,0.02,0.025,5,350240313.54,963035859.78,1313276173.32,1395575173.32,128.53,27.93,360.2,A,two_stage_damodaran_v1,2026-04-27T06:35:03Z
CACC,CREDIT ACCEPTANCE CORP,0000885550,1050600000.0,1127200000.0,1028760000.0,2162400000.0,0.0389,10747682.0,22800000.0,0,0.09,0.0389,0.025,5,4891693911.93,13983844151.72,18875538063.65,18898338063.65,1758.36,416.51,322.2,A,two_stage_damodaran_v1,2026-04-27T06:35:03Z
JILL,"J.Jill, Inc.",0001687932,46375000.0,63993000.0,52724000.0,608043000.0,-0.0295,14879795.0,41015000.0,73310000.0,0.09,0.02,0.025,5,263351030.68,724121343.12,987472373.8,955177373.8,64.19,15.36,317.9,A,two_stage_damodaran_v1,2026-04-27T06:35:03Z
AOUT,"American Outdoor Brands, Inc.",0001808997,25939000.0,27648333.33,17591800.0,222322000.0,-0.0532,12595760.0,10395000.0,0,0.09,0.02,0.025,5,113781461.72,312858410.58,426639872.3,437034872.3,34.7,8.55,305.6,A,two_stage_damodaran_v1,2026-04-27T06:35:03Z
BAX,BAXTER INTERNATIONAL INC,0000010456,845000000.0,1362000000.0,1682400000.0,11244000000.0,-0.0316,514490045.0,1966000000.0,0,0.09,0.02,0.025,5,5605052174.29,15411893008.97,21016945183.26,22982945183.26,44.67,17.45,156.0,A,two_stage_damodaran_v1,2026-04-27T06:35:03Z
IBCP,INDEPENDENT BANK CORP /MI/,0000039311,69565000.0,82437666.67,66234000.0,32903000.0,0.0611,20588446.0,138387000.0,0,0.09,0.0611,0.025,5,380553212.42,1136615628.66,1517168841.07,1655555841.07,80.41,32.84,144.9,A,two_stage_damodaran_v1,2026-04-27T06:35:03Z
CNXC,Concentrix Corp,0001803599,439246000.0,378283333.33,360620600.0,7114706000.0,0.1087,61004826.0,222699000.0,4745253000.0,0.09,0.1087,0.025,5,1991271412.16,6496149393.02,8487420805.18,3964866805.18,64.99,27.72,134.5,A,two_stage_damodaran_v1,2026-04-27T06:35:03Z
BCML,BayCom Corp,0001730984,28679000.0,35405666.67,23348000.0,0.0,0.0,10909317.0,203721000.0,0,0.09,0.02,0.025,5,145705292.9,400637552.55,546342845.46,750063845.46,68.75,29.38,134.0,A,two_stage_damodaran_v1,2026-04-27T06:35:03Z
DAN,DANA Inc,0000026780,476000000.0,591333333.33,559400000.0,7613000000.0,-0.0306,108642939.0,469000000.0,813000000.0,0.09,0.02,0.025,5,2433519960.15,6691311355.34,9124831315.49,8780831315.49,80.82,38.66,109.1,A,two_stage_damodaran_v1,2026-04-27T06:35:03Z
AEI,Alset Inc.,0001750106,4980583.0,6436491.33,-2495568.8,0.0,0.0,38895830.0,25184990.0,651034.0,0.09,0.02,0.025,5,26488156.93,72832977.81,99321134.75,123855090.75,3.18,1.64,94.2,B,two_stage_damodaran_v1,2026-04-27T06:35:03Z
BKE,BUCKLE INC,0000885245,217370000.0,236928666.67,230129400.0,1297835000.0,0.0958,51518086.0,220969000.0,0,0.09,0.0958,0.025,5,1203541256.36,3835868031.53,5039409287.88,5260378287.88,102.11,54.49,87.4,B,two_stage_damodaran_v1,2026-04-27T06:35:03Z
CATY,CATHAY GENERAL BANCORP,0000861842,381341000.0,391965666.67,383584000.0,0.0,0.0,66957659.0,600290000.0,0,0.09,0.02,0.025,5,1613060214.53,4435339880.95,6048400095.49,6648690095.49,99.3,54.54,82.1,B,two_stage_damodaran_v1,2026-04-27T06:35:03Z
BLBD,Blue Bird Corp,0001589526,176214000.0,135751333.33,93283800.0,1480099000.0,0.1391,31591902.0,241739000.0,89154000.0,0.09,0.12,0.025,5,736900384.0,2451953536.74,3188853920.74,3341438920.74,105.77,58.63,80.4,B,two_stage_damodaran_v1,2026-04-27T06:35:03Z
DG,DOLLAR GENERAL CORP,0000029534,2391798000.0,2549802333.33,2752712800.0,38691609000.0,0.0866,220226320.0,1138501000.0,6735728000.0,0.09,0.0866,0.025,5,12630483190.26,39586678986.12,52217162176.37,46619935176.37,211.69,119.74,76.8,B,two_stage_damodaran_v1,2026-04-27T06:35:03Z
BIIB,BIOGEN INC.,0000875045,2598500000.0,2871833333.33,3796920000.0,9835600000.0,-0.0272,146758528.0,2913700000.0,0,0.09,0.02,0.025,5,11818484338.62,32496613856.78,44315098195.39,47228798195.39,321.81,183.33,75.5,B,two_stage_damodaran_v1,2026-04-27T06:35:03Z
AVTR,"Avantor, Inc.",0001722482,741200000.0,747733333.33,685540000.0,6967200000.0,0.0351,682055932.0,365400000.0,3946300000.0,0.09,0.0351,0.025,5,3209986328.97,9104725542.88,12314711871.85,8733811871.85,12.81,7.86,63.0,B,two_stage_damodaran_v1,2026-04-27T06:35:03Z
COUR,"Coursera, Inc.",0001651562,29700000.0,29659333.33,10534600.0,635800000.0,0.2132,168200000.0,792600000.0,0,0.09,0.12,0.025,5,161000069.66,535709708.91,696709778.56,1489309778.56,8.85,5.75,54.0,B,two_stage_damodaran_v1,2026-04-27T06:35:03Z
GCBC,GREENE COUNTY BANCORP INC,0001070524,24217000.0,28212333.33,27361600.0,0.0,0.0,17026828.0,155483000.0,0,0.09,0.02,0.025,5,116102496.54,319240427.95,435342924.49,590825924.49,34.7,22.75,52.5,B,two_stage_damodaran_v1,2026-04-27T06:35:03Z
BBSI,BARRETT BUSINESS SERVICES INC,0000902791,67222000.0,40926000.0,45538600.0,740841000.0,0.2385,25203090.0,95033000.0,30619000.0,0.09,0.12,0.025,5,222159034.28,739209317.36,961368351.64,1025782351.64,40.7,29.25,39.1,C,two_stage_damodaran_v1,2026-04-27T06:35:03Z
ALRM,"Alarm.com Holdings, Inc.",0001459200,198896000.0,85139333.33,63945800.0,881682000.0,0.151,49666158.0,960584000.0,110000000.0,0.09,0.12,0.025,5,462162734.51,1537794763.09,1999957497.6,2850541497.6,57.39,44.56,28.8,C,two_stage_damodaran_v1,2026-04-27T06:35:03Z
CVGW,CALAVO GROWERS INC,0001133470,21529000.0,34152333.33,36445400.0,594102000.0,-0.1339,17874079.0,47670000.0,0,0.09,0.02,0.025,5,140547437.74,386455291.73,527002729.48,574672729.48,32.15,24.99,28.7,C,two_stage_damodaran_v1,2026-04-27T06:35:03Z
CWBC,Community West Bancshares,0001127371,17721000.0,27841666.67,29372600.0,0.0,0.0,19169415.0,118984000.0,0,0.09,0.02,0.025,5,114577088.32,315046099.75,429623188.06,548607188.06,28.62,22.35,28.0,C,two_stage_damodaran_v1,2026-04-27T06:35:03Z
ACDC,ProFrac Holding Corp.,0001881487,286500000.0,100666666.67,74775000.0,2630000000.0,0.6871,180920753.0,22900000.0,1020300000.0,0.09,0.12,0.025,5,546449920.61,1818250939.45,2364700860.06,1367300860.06,7.56,6.0,26.0,C,two_stage_damodaran_v1,2026-04-27T06:35:03Z
JHG,JANUS HENDERSON GROUP PLC,0001274173,433000000.0,593600000.0,566860000.0,0.0,0.0,154075608.0,1253900000.0,697900000.0,0.09,0.02,0.025,5,2442847996.08,6716960124.91,9159808120.99,9715808120.99,63.06,51.42,22.6,C,two_stage_damodaran_v1,2026-04-27T06:35:03Z
ADUS,Addus HomeCare Corp,0001468328,102053000.0,81676666.67,62510800.0,1422530000.0,0.2169,18518271.0,96954000.0,121932000.0,0.09,0.12,0.025,5,443366304.79,1475251747.33,1918618052.12,1893640052.12,102.26,94.48,8.2,D,two_stage_damodaran_v1,2026-04-27T06:35:03Z
CLRO,CLEARONE INC,0000840715,54253000.0,34810000.0,19713000.0,0.0,0.0,2675412.0,220000.0,0,0.09,0.02,0.025,5,143253939.93,393897206.79,537151146.72,537371146.72,200.86,3.22,0,,suspect_intrinsic_gt_20x_price_skip,2026-04-27T06:35:03Z
CHWY,"Chewy, Inc.",0001766502,486200000.0,395251333.33,316381400.0,12601500000.0,0.2698,0,860100000.0,0,0.09,0.12,0.025,5,0,0,0,0,0,26.42,0,,shares_out_too_low_skip,2026-04-27T06:35:03Z
CZR,"Caesars Entertainment, Inc.",0001590895,497000000.0,263106000.0,263106000.0,719784000.0,0.3443,203521021.0,887000000.0,11784000000.0,0.09,0.12,0.025,5,1428221054.42,4752245678.89,6180466733.31,-4716533266.69,-23.17,28.02,0.0,D,two_stage_damodaran_v1,2026-04-27T06:35:03Z
DDOG,"Datadog, Inc.",0001561550,632368000.0,430701000.0,318410400.0,2128359000.0,0.5563,0,401305000.0,0,0.09,0.12,0.025,5,0,0,0,0,0,123.29,0,,shares_out_too_low_skip,2026-04-27T06:35:03Z
CWST,CASELLA WASTE SYSTEMS INC,0000911177,29865000.0,35453000.0,50431000.0,1836841000.0,0.2538,0,123773000.0,0,0.09,0.12,0.025,5,0,0,0,0,0,89.41,0,,shares_out_too_low_skip,2026-04-27T06:35:03Z
BGS,"B&G Foods, Inc.",0001278027,222070000.0,99875000.0,111700600.0,2062313000.0,0.0006,79971360.0,56293000.0,1950076000.0,0.09,0.02,0.025,5,411016582.9,1130148909.16,1541165492.05,-352617507.95,-4.41,4.87,0.0,D,two_stage_damodaran_v1,2026-04-27T06:35:03Z
H,Hyatt Hotels Corp,0001468174,580000000.0,400333333.33,268400000.0,4328000000.0,0.0401,0,787000000.0,4281000000.0,0.09,0.04011195057620731,0.025,5,0,0,0,0,0,142.31,0,,shares_out_too_low_skip,2026-04-27T06:35:03Z
CC,Chemours Co,0001627223,186000000.0,390333333.33,376000000.0,5400000000.0,-0.0837,150085308.0,670000000.0,4117000000.0,0.09,0.02,0.025,5,1606342656.9,4416868994.98,6023211651.88,2576211651.88,17.16,17.7,-3.0,D,two_stage_damodaran_v1,2026-04-27T06:35:03Z
BWMN,Bowman Consulting Group Ltd.,0001847590,23675000.0,18050333.33,12351200.0,426564000.0,0.1768,17123509.0,11066000.0,0,0.09,0.12,0.025,5,97982813.41,326026843.12,424009656.53,435075656.53,25.41,27.11,-6.3,D,two_stage_damodaran_v1,2026-04-27T06:35:03Z
BKNG,Booking Holdings Inc.,0001075531,6999000000.0,5233666666.67,3999400000.0,21365000000.0,0.3316,31673346.0,17203000000.0,18736000000.0,0.09,0.12,0.025,5,28409967561.2,94530986756.05,122940954317.24,121407954317.24,3833.13,4194.31,-8.6,D,two_stage_damodaran_v1,2026-04-27T06:35:03Z
AMTB,Amerant Bancorp Inc.,0001734342,19320000.0,33164666.67,44797400.0,0.0,0.0,40230946.0,274208000.0,0,0.09,0.02,0.025,5,136482883.27,375279217.58,511762100.85,785970100.85,19.54,22.43,-12.9,D,two_stage_damodaran_v1,2026-04-27T06:35:03Z
CORT,CORCEPT THERAPEUTICS INC,0001088856,139824000.0,154682666.67,150265000.0,482375000.0,0.1201,106374020.0,120495000.0,0,0.09,0.12,0.025,5,839665538.94,2793893085.93,3633558624.87,3754053624.87,35.29,40.97,-13.9,D,two_stage_damodaran_v1,2026-04-27T06:35:03Z
KAI,KADANT INC,0000886346,139478000.0,134630000.0,115327000.0,957672000.0,0.0797,11789023.0,119551000.0,68642000.0,0.09,0.0797,0.025,5,654344738.28,2024783785.56,2679128523.84,2730037523.84,231.57,321.04,-27.9,F,two_stage_damodaran_v1,2026-04-27T06:35:03Z
CHE,CHEMED CORP,0000019584,273445000.0,258642666.67,290922600.0,2264417000.0,0.0215,13765136.0,74515000.0,21250000.0,0.09,0.0215,0.025,5,1068938763.22,2948515217.26,4017453980.48,4070718980.48,295.73,415.52,-28.8,F,two_stage_damodaran_v1,2026-04-27T06:35:03Z
ARCC,ARES CAPITAL CORP,0001287750,511000000.0,511000000.0,43500000.0,0.0,0.0,718022845.0,638000000.0,0,0.09,0.02,0.025,5,2102923392.85,5782288786.77,7885212179.62,8523212179.62,11.87,18.69,-36.5,F,two_stage_damodaran_v1,2026-04-27T06:35:03Z
A,"AGILENT TECHNOLOGIES, INC.",0001090872,1261000000.0,1400666666.67,1113000000.0,4038000000.0,-0.0172,282602317.0,1758000000.0,2730000000.0,0.09,0.02,0.025,5,5764177492.99,15849430842.8,21613608335.79,20641608335.79,73.04,115.48,-36.7,F,two_stage_damodaran_v1,2026-04-27T06:35:03Z
GD,GENERAL DYNAMICS CORP,0000040533,3806000000.0,3621666666.67,3150000000.0,42272000000.0,0.0181,270389759.0,2333000000.0,7007000000.0,0.09,0.02,0.025,5,14904280928.45,40981453143.04,55885734071.49,51211734071.49,189.4,352.58,-46.3,F,two_stage_damodaran_v1,2026-04-27T06:35:03Z
BKTI,BK Technologies Corp,0000002186,18402000.0,8989333.33,6491000.0,45364000.0,0.0286,3785503.0,22788000.0,0,0.09,0.0286,0.025,5,37899904.45,106090315.46,143990219.92,166778219.92,44.06,83.82,-47.4,F,two_stage_damodaran_v1,2026-04-27T06:35:03Z
AMAT,APPLIED MATERIALS INC /DE,0000006951,6440000000.0,5275333333.33,4402800000.0,4205000000.0,0.2828,793609867.0,7218000000.0,6453000000.0,0.09,0.12,0.025,5,28636147164.1,95283574065.42,123919721229.52,124684721229.52,157.11,341.53,-54.0,F,two_stage_damodaran_v1,2026-04-27T06:35:03Z
CBRE,"CBRE GROUP, INC.",0001138118,480000000.0,1108000000.0,1498453400.0,31949000000.0,0.0753,292816579.0,1664000000.0,5091000000.0,0.09,0.0753,0.025,5,5320287181.1,16327745574.7,21648032755.8,18221032755.8,62.23,147.94,-57.9,F,two_stage_damodaran_v1,2026-04-27T06:35:03Z
AAPL,Apple Inc.,0000320193,102035000000.0,103475333333.33,89174600000.0,0.0,0.0,14681140000.0,45317000000.0,88512000000.0,0.09,0.02,0.025,5,425833070547.15,1170888962115.27,1596722032662.41,1553527032662.41,105.82,255.92,-58.7,F,two_stage_damodaran_v1,2026-04-27T06:35:03Z
COCO,"Vita Coco Company, Inc.",0001482981,42300000.0,63605000.0,49023800.0,0.0,0.0,57082173.0,196873000.0,0,0.09,0.02,0.025,5,261754290.42,719730877.27,981485167.68,1178358167.68,20.64,50.24,-58.9,F,two_stage_damodaran_v1,2026-04-27T06:35:03Z
BDX,BECTON DICKINSON & CO,0000010795,2373000000.0,2055333333.33,1999000000.0,21840000000.0,0.0191,284741809.0,740000000.0,17668000000.0,0.09,0.02,0.025,5,8458333751.02,23257398994.94,31715732745.96,14787732745.96,51.93,155.43,-66.6,F,two_stage_damodaran_v1,2026-04-27T06:35:03Z
AHR,"American Healthcare REIT, Inc.",0001632970,98535000.0,98535000.0,146783400.0,2070668000.0,1.3458,188028542.0,114836000.0,0,0.09,0.12,0.025,5,534878572.12,1779748572.7,2314627144.83,2429463144.83,12.92,48.46,-73.3,F,two_stage_damodaran_v1,2026-04-27T06:35:03Z
AMD,ADVANCED MICRO DEVICES INC,0000002488,2495000000.0,2943333333.33,2466600000.0,22680000000.0,0.3548,1630410843.0,5539000000.0,3222000000.0,0.09,0.12,0.025,5,15977327148.93,53162767534.29,69140094683.22,71457094683.22,43.83,193.39,-77.3,F,two_stage_damodaran_v1,2026-04-27T06:35:03Z
AVGO,Broadcom Inc.,0001730168,27085000000.0,21421666666.67,17960600000.0,0.0,0.0,4734668184.0,14174000000.0,66057000000.0,0.09,0.02,0.025,5,88156798331.04,242399731821.23,330556530152.27,278673530152.27,58.86,314.55,-81.3,F,two_stage_damodaran_v1,2026-04-27T06:35:03Z
CRWD,"CrowdStrike Holdings, Inc.",0001535527,1357497000.0,801083333.33,497417400.0,0.0,0.0,252098440.0,5230125000.0,745471000.0,0.09,0.02,0.025,5,3296706225.61,9064765509.99,12361471735.6,16846125735.6,66.82,450.42,-85.2,F,two_stage_damodaran_v1,2026-04-27T06:35:03Z
CIEN,CIENA CORP,0000936395,373731000.0,419847000.0,404217800.0,4386549000.0,0.0527,141398427.0,1123413000.0,1536324000.0,0.09,0.0527,0.025,5,1893237357.01,5562417503.46,7455654860.47,7042743860.47,49.81,386.51,-87.1,F,two_stage_damodaran_v1,2026-04-27T06:35:03Z
CDE,"Coeur Mining, Inc.",0000215466,67288000.0,39506666.67,47203200.0,821206000.0,0.0365,642097555.0,553597000.0,0,0.09,0.0365,0.025,5,170281453.17,484388019.29,654669472.45,1208266472.45,1.88,17.67,-89.4,F,two_stage_damodaran_v1,2026-04-27T06:35:03Z
FWDI,"Forward Industries, Inc.",0000038264,454616.0,567176.67,514468.8,18187525.0,-0.1478,83139037.0,4760620.0,0,0.09,0.02,0.025,5,2334107.79,6417963.37,8752071.15,13512691.15,0.16,4.71,-96.5,F,two_stage_damodaran_v1,2026-04-27T06:35:03Z
AMZE,"AMAZE HOLDINGS, INC.",0001880343,-17520963.0,-8087267.33,-9447513.25,299065.0,-0.5289,40473203.0,156000.0,8443432.0,0.09,0.02,0.025,5,0,0,0,-8287432.0,0,0.19,-100.0,F,negative_fcf_base,2026-04-27T06:35:03Z
HTCR,"HeartCore Enterprises, Inc.",0001892322,-5301231.0,-2986454.67,-2060196.5,0.0,0.0,25435724.0,1985962.0,498974.0,0.09,0.02,0.025,5,0,0,0,1486988.0,0,0.23,-100.0,F,negative_fcf_base,2026-04-27T06:35:03Z
MODD,"Modular Medical, Inc.",0001074871,-18213000.0,-14977136.0,-12283030.2,0.0,0.0,77703547.0,2937000.0,0,0.09,0.02,0.025,5,0,0,0,2937000.0,0,0.22,-100.0,F,negative_fcf_base,2026-04-27T06:35:03Z
AEON,"AEON Biopharma, Inc.",0001837607,-17312000.0,-21330000.0,-13293243.2,0.0,0.0,25303058.0,3006000.0,0,0.09,0.02,0.025,5,0,0,0,3006000.0,0,0.89,-100.0,F,negative_fcf_base,2026-04-27T06:35:03Z
IPWR,Ideal Power Inc.,0001507957,-9254960.0,-8536922.67,-7272816.0,0.0,0.0,12089389.0,6129049.0,0,0.09,0.02,0.025,5,0,0,0,6129049.0,0,3.5,-100.0,F,negative_fcf_base,2026-04-27T06:35:03Z
ONCO,"Onconetix, Inc.",0001782107,-9706861.0,-11265444.67,-10626133.25,2524116.0,5.5706,3584245.0,25752659.0,0,0.09,0.12,0.025,5,0,0,0,25752659.0,0,3.03,-100.0,F,negative_fcf_base,2026-04-27T06:35:03Z
STRZ,STARZ ENTERTAINMENT CORP /CN/,0000929351,-16400000.0,66000000.0,241800000.0,963400000.0,-0.2847,16781237.0,35700000.0,613300000.0,0.09,0.02,0.025,5,0,0,0,-577600000.0,0,15.29,-100.0,F,negative_fcf_base,2026-04-27T06:35:03Z
CRSP,CRISPR Therapeutics AG,0001674416,-354484000.0,-25726333.33,86016200.0,40997000.0,4.4956,95985312.0,347559000.0,0,0.09,0.12,0.025,5,0,0,0,347559000.0,0,52.8,-100.0,F,negative_fcf_base,2026-04-27T06:35:03Z
DNTH,"Dianthus Therapeutics, Inc. /DE/",0001690585,-129060000.0,-81367000.0,-74287200.0,6235000.0,0.0,44471094.0,51087000.0,0,0.09,0.02,0.025,5,0,0,0,51087000.0,0,79.61,-100.0,F,negative_fcf_base,2026-04-27T06:35:03Z
BYSI,BeyondSpring Inc.,0001677940,-19993000.0,-21392000.0,-31074800.0,0.0,0.0,41119820.0,7786000.0,0,0.09,0.02,0.025,5,0,0,0,7786000.0,0,1.68,-100.0,F,negative_fcf_base,2026-04-27T06:35:03Z
NUWE,"Nuwellis, Inc.",0001506492,-10870000.0,-12869000.0,-14430600.0,8740000.0,0.041,2310477.0,1085000.0,3938000.0,0.09,0.04104626898135888,0.025,5,0,0,0,-2853000.0,0,1.05,-100.0,F,negative_fcf_base,2026-04-27T06:35:03Z
ADCT,ADC Therapeutics SA,0001771910,-142041000.0,-129488333.33,-129488333.33,70837000.0,-0.4191,127044356.0,261338000.0,3000000.0,0.09,0.02,0.025,5,0,0,0,258338000.0,0,4.35,-100.0,F,negative_fcf_base,2026-04-27T06:35:03Z
GIFT,"GIFTIFY, INC.",0001760233,-1590074.0,-1561245.0,-1434326.5,88934036.0,-0.0425,33642312.0,3654944.0,0,0.09,0.02,0.025,5,0,0,0,3654944.0,0,0.86,-100.0,F,negative_fcf_base,2026-04-27T06:35:03Z
BYND,"BEYOND MEAT, INC.",0001655210,-157239000.0,-168275666.67,-241586400.0,343376000.0,0.0362,463561581.0,203890000.0,415740000.0,0.09,0.03615792230330839,0.025,5,0,0,0,-211850000.0,0,0.6,-100.0,F,negative_fcf_base,2026-04-27T06:35:03Z
ANGO,ANGIODYNAMICS INC,0001275187,-3734000.0,3651000.0,12426600.0,270634000.0,-0.0855,41318915.0,37810000.0,124407000.0,0.09,0.02,0.025,5,0,0,0,-86597000.0,0,11.09,-100.0,F,negative_fcf_base,2026-04-27T06:35:03Z
BCAB,"BioAtla, Inc.",0001826892,-48204000.0,-74718333.33,-75357800.0,300000.0,0.0,32315301.0,7118000.0,0,0.09,0.02,0.025,5,0,0,0,7118000.0,0,0.17,-100.0,F,negative_fcf_base,2026-04-27T06:35:03Z
AUMN,Golden Minerals Co,0001011509,-7737000.0,-9102000.0,-7075200.0,23285000.0,0.3402,15053048.0,2501000.0,14957000.0,0.09,0.12,0.025,5,0,0,0,-12456000.0,0,0.21,-100.0,F,negative_fcf_base,2026-04-27T06:35:03Z
CRVS,"Corvus Pharmaceuticals, Inc.",0001626971,-32831000.0,-27488000.0,-28929000.0,0.0,0.0,83992407.0,4576000.0,0,0.09,0.02,0.025,5,0,0,0,4576000.0,0,16.09,-100.0,F,negative_fcf_base,2026-04-27T06:35:03Z
BFNH,"BIOFORCE NANOSCIENCES HOLDINGS, INC.",0001310488,-65150.0,-57700.67,-63852.6,17775.0,0.9875,33521755.0,786.0,0,0.09,0.12,0.025,5,0,0,0,786.0,0,0.49,-100.0,F,negative_fcf_base,2026-04-27T06:35:03Z
ARQ,"Arq, Inc.",0001515156,-2730000.0,-2968666.67,14228200.0,21270000.0,-0.2369,42849251.0,6573000.0,28465000.0,0.09,0.02,0.025,5,0,0,0,-21892000.0,0,2.33,-100.0,F,negative_fcf_base,2026-04-27T06:35:03Z
CADL,"Candel Therapeutics, Inc.",0001841387,-38898000.0,-33693000.0,-31569600.0,125000.0,0.0,73246927.0,119731000.0,1733000.0,0.09,0.02,0.025,5,0,0,0,117998000.0,0,5.1,-100.0,F,negative_fcf_base,2026-04-27T06:35:03Z
CLNN,Clene Inc.,0001822791,-18585000.0,-25197000.0,-30958400.0,342000.0,0.1351,11778307.0,5189000.0,5924000.0,0.09,0.12,0.025,5,0,0,0,-735000.0,0,5.58,-100.0,F,negative_fcf_base,2026-04-27T06:35:03Z
DWTX,"Dogwood Therapeutics, Inc.",0001818844,-15618651.0,-9759981.67,-11287464.0,0.0,0.0,33401553.0,6524744.0,0,0.09,0.02,0.025,5,0,0,0,6524744.0,0,2.19,-100.0,F,negative_fcf_base,2026-04-27T06:35:03Z
BBGI,BEASLEY BROADCAST GROUP INC,0001099160,-11482563.0,-9417335.0,-4973311.0,232179463.0,0.2197,0,9936783.0,238082353.0,0.09,0.12,0.025,5,0,0,0,-228145570.0,0,5.76,-100.0,F,negative_fcf_base,2026-04-27T06:35:03Z
AUTL,Autolus Therapeutics plc,0001730463,-305643000.0,-229477666.67,-187263200.0,10120000.0,0.3894,266143286.0,104132000.0,0,0.09,0.12,0.025,5,0,0,0,104132000.0,0,1.29,-100.0,F,negative_fcf_base,2026-04-27T06:35:03Z
AAPI,"Apple iSports Group, Inc.",0001134982,-1664244.0,-1353869.67,-836989.4,0.0,0.0,219784477.0,891.0,0,0.09,0.02,0.025,5,0,0,0,891.0,0,0.18,-100.0,F,negative_fcf_base,2026-04-27T06:35:03Z
BRVO,Bravo Multinational Inc.,0001444839,-72857.0,-127144.67,-97718.0,1815978.0,0.1267,47641011.0,111.0,0,0.09,0.12,0.025,5,0,0,0,111.0,0,0.03,-100.0,F,negative_fcf_base,2026-04-27T06:35:03Z
ATRA,"Atara Biotherapeutics, Inc.",0001604464,-51186000.0,-105773000.0,-163703400.0,120772000.0,13.0875,8178114.0,8482000.0,0,0.09,0.12,0.025,5,0,0,0,8482000.0,0,4.71,-100.0,F,negative_fcf_base,2026-04-27T06:35:03Z
OESX,"ORION ENERGY SYSTEMS, INC.",0001409375,13000.0,-4596666.67,5140200.0,77383000.0,0.0416,3530870.0,4721000.0,9844000.0,0.09,0.041551734059373624,0.025,5,0,0,0,-5123000.0,0,10.42,-100.0,F,negative_fcf_base,2026-04-27T06:35:03Z
CAPR,"CAPRICOR THERAPEUTICS, INC.",0001133869,-72715722.0,-36757786.0,-24942777.8,22270465.0,1.9107,57510635.0,287847312.0,0,0.09,0.12,0.025,5,0,0,0,287847312.0,0,33.4,-100.0,F,negative_fcf_base,2026-04-27T06:35:03Z
CODX,"Co-Diagnostics, Inc.",0001692415,-29885279.0,-18195081.67,2643510.8,3915160.0,-0.5213,3602465.0,11884607.0,3817144.0,0.09,0.02,0.025,5,0,0,0,8067463.0,0,4.24,-100.0,F,negative_fcf_base,2026-04-27T06:35:03Z
ELTX,"Elicio Therapeutics, Inc.",0001601485,-37039000.0,-35840333.33,-39795400.0,28312000.0,8.8306,18396074.0,18563000.0,9407000.0,0.09,0.12,0.025,5,0,0,0,9156000.0,0,11.68,-100.0,F,negative_fcf_base,2026-04-27T06:35:03Z
AREBW,AMERICAN REBEL HOLDINGS INC,0001648087,-7227508.0,-7101320.33,-5800166.0,986826.0,2.4332,233366.0,147586.0,0,0.09,0.12,0.025,5,0,0,0,147586.0,0,0.02,-100.0,F,negative_fcf_base,2026-04-27T06:35:03Z
ATXG,ADDENTAX GROUP CORP.,0001650101,618409.0,-565258.67,-1127922.8,5335501.0,29.595,11715348.0,238466.0,0,0.09,0.12,0.025,5,0,0,0,238466.0,0,0.3,-100.0,F,negative_fcf_base,2026-04-27T06:35:03Z
ASPI,ASP Isotopes Inc.,0001921865,-47455000.0,-25455754.67,-20573841.75,4144000.0,2.0935,125903447.0,285600000.0,14356000.0,0.09,0.12,0.025,5,0,0,0,271244000.0,0,4.42,-100.0,F,negative_fcf_base,2026-04-27T06:35:03Z
CEIN,"CAMBER ENERGY, INC.",0001309082,-2379758.0,-3063487.33,-3444022.8,28610567.0,1.9059,281686525.0,1166596.0,44901363.0,0.09,0.12,0.025,5,0,0,0,-43734767.0,0,0.03,-100.0,F,negative_fcf_base,2026-04-27T06:35:03Z
CBDW,1606 CORP.,0001877461,-460779.0,-699623.0,-593905.4,7195.0,-0.4295,770920971.0,48941.0,0,0.09,0.02,0.025,5,0,0,0,48941.0,0,0.0,-100.0,F,negative_fcf_base,2026-04-27T06:35:03Z
DVLT,Datavault AI Inc.,0001682149,-23645000.0,-18696666.67,-17052600.0,2674000.0,0.027,614308267.0,2004000.0,0,0.09,0.02696758279990319,0.025,5,0,0,0,2004000.0,0,0.63,-100.0,F,negative_fcf_base,2026-04-27T06:35:03Z
CCO,"Clear Channel Outdoor Holdings, Inc.",0001334978,-51625000.0,-99368666.67,-72146200.0,1604140000.0,-0.1207,498488033.0,190022000.0,5102993000.0,0.09,0.02,0.025,5,0,0,0,-4912971000.0,0,2.37,-100.0,F,negative_fcf_base,2026-04-27T06:35:03Z
APLS,"Apellis Pharmaceuticals, Inc.",0001492422,44554000.0,-213197666.67,-345461600.0,396591000.0,0.1216,127829909.0,466233000.0,1666667.0,0.09,0.12,0.025,5,0,0,0,464566333.0,0,40.23,-100.0,F,negative_fcf_base,2026-04-27T06:35:03Z
CNTX,Context Therapeutics Inc.,0001842952,-26392696.0,-20680300.0,-16885291.4,0.0,0.0,91879177.0,65995228.0,0,0.09,0.02,0.025,5,0,0,0,65995228.0,0,3.36,-100.0,F,negative_fcf_base,2026-04-27T06:35:03Z
ABOS,"Acumen Pharmaceuticals, Inc.",0001576885,-115538000.0,-81605666.67,-59586200.0,0.0,0.0,72212758.0,53989000.0,0,0.09,0.02,0.025,5,0,0,0,53989000.0,0,2.61,-100.0,F,negative_fcf_base,2026-04-27T06:35:03Z
AVX,AVAX ONE TECHNOLOGY LTD.,0001826397,-14445853.0,-8740734.33,-8687701.8,26572.0,0.2775,89798842.0,22135450.0,0,0.09,0.12,0.025,5,0,0,0,22135450.0,0,0.52,-100.0,F,negative_fcf_base,2026-04-27T06:35:03Z
ARTL,"ARTELO BIOSCIENCES, INC.",0001621221,-8520000.0,-8359000.0,-7845200.0,0.0,0.0,2124772.0,600000.0,0,0.09,0.02,0.025,5,0,0,0,600000.0,0,7.58,-100.0,F,negative_fcf_base,2026-04-27T06:35:03Z
BLNC,"Balance Labs, Inc.",0001632121,-257024.0,-135460.33,-94904.8,500.0,-0.766,46852319.0,358975.0,0,0.09,0.02,0.025,5,0,0,0,358975.0,0,1.55,-100.0,F,negative_fcf_base,2026-04-27T06:35:03Z
AIXN,"AiXin Life International, Inc.",0000835662,-1924321.0,-1797785.0,-779605.6,2451055.0,-0.0557,24999842.0,19113.0,0,0.09,0.02,0.025,5,0,0,0,19113.0,0,0.17,-100.0,F,negative_fcf_base,2026-04-27T06:35:03Z
BTCS,BTCS Inc.,0001436229,-9786591.0,-5629876.67,-4508792.2,4073518.0,0.3565,49754240.0,1526395.0,0,0.09,0.12,0.025,5,0,0,0,1526395.0,0,1.29,-100.0,F,negative_fcf_base,2026-04-27T06:35:03Z
AGSS,"AMERIGUARD SECURITY SERVICES, INC.",0001514443,-2611537.0,-572454.0,-352863.6,20969727.0,0.1129,89348478.0,36019.0,294225.0,0.09,0.11293814191811236,0.025,5,0,0,0,-258206.0,0,0.02,-100.0,F,negative_fcf_base,2026-04-27T06:35:03Z
CCCC,"C4 Therapeutics, Inc.",0001662579,-99301000.0,-92324000.0,-66688600.0,35584000.0,-0.0806,97578175.0,74603000.0,0,0.09,0.02,0.025,5,0,0,0,74603000.0,0,2.82,-100.0,F,negative_fcf_base,2026-04-27T06:35:03Z
CMPS,COMPASS Pathways plc,0001816590,-157240000.0,-124734000.0,-109613200.0,0.0,0.0,128923295.0,149608000.0,31633000.0,0.09,0.02,0.025,5,0,0,0,117975000.0,0,5.37,-100.0,F,negative_fcf_base,2026-04-27T06:35:03Z
DMRA,"Damora Therapeutics, Inc.",0001800315,-6726000.0,-20818666.67,-31628400.0,0.0,0.0,60303212.0,257624000.0,0,0.09,0.02,0.025,5,0,0,0,257624000.0,0,20.53,-100.0,F,negative_fcf_base,2026-04-27T06:35:03Z
COCP,"Cocrystal Pharma, Inc.",0001412486,-8200000.0,-13144333.33,-14775800.0,0.0,0.0,13785759.0,7025000.0,165623.0,0.09,0.02,0.025,5,0,0,0,6859377.0,0,1.43,-100.0,F,negative_fcf_base,2026-04-27T06:35:03Z
ASTS,"AST SpaceMobile, Inc.",0001780312,-1136258000.0,-508637000.0,-360182000.0,0.0,0.0,0,2335683000.0,2219582000.0,0.09,0.02,0.025,5,0,0,0,116101000.0,0,87.86,-100.0,F,negative_fcf_base,2026-04-27T06:35:03Z
CTMX,"CytomX Therapeutics, Inc.",0001501989,-75897000.0,-73281000.0,-57700800.0,76201000.0,0.073,170186742.0,12667000.0,2987000.0,0.09,0.07298581133661752,0.025,5,0,0,0,9680000.0,0,4.45,-100.0,F,negative_fcf_base,2026-04-27T06:35:03Z
ANVS,"Annovis Bio, Inc.",0001477845,-25619703.0,-29160537.0,-22785340.8,0.0,0.0,28355262.0,19532338.0,0,0.09,0.02,0.025,5,0,0,0,19532338.0,0,1.66,-100.0,F,negative_fcf_base,2026-04-27T06:35:03Z
AEHR,AEHR TEST SYSTEMS,0001040470,-8149000.0,991666.67,265600.0,64961000.0,0.1706,31453254.0,36911000.0,0,0.09,0.12,0.025,5,0,0,0,36911000.0,0,71.66,-100.0,F,negative_fcf_base,2026-04-27T06:35:03Z
AGL,"agilon health, inc.",0001831097,-119005000.0,-117598666.67,-128243800.0,4316363000.0,0.5268,414869759.0,173713000.0,34988000.0,0.09,0.12,0.025,5,0,0,0,138725000.0,0,26.13,-100.0,F,negative_fcf_base,2026-04-27T06:35:03Z
ABUS,Arbutus Biopharma Corp,0001447028,-39637000.0,-63705666.67,-59008600.0,6171000.0,-0.028,195478068.0,18008000.0,0,0.09,0.02,0.025,5,0,0,0,18008000.0,0,4.24,-100.0,F,negative_fcf_base,2026-04-27T06:35:03Z
ADTX,"Aditxt, Inc.",0001726711,-25702102.0,-20469371.0,-21215652.6,3195.0,-0.5824,904468.0,163041.0,0,0.09,0.02,0.025,5,0,0,0,163041.0,0,0.28,-100.0,F,negative_fcf_base,2026-04-27T06:35:03Z
LEE,"LEE ENTERPRISES, Inc",0000058361,-10648000.0,9089333.33,24163200.0,614364000.0,-0.0345,22239629.0,12625000.0,455875000.0,0.09,0.02,0.025,5,0,0,0,-443250000.0,0,8.81,-100.0,F,negative_fcf_base,2026-04-27T06:35:03Z
AVAV,AeroVironment Inc,0001368622,-24301000.0,10981666.67,8938250.0,233738000.0,-0.0791,49933993.0,289878000.0,737877000.0,0.09,0.02,0.025,5,0,0,0,-447999000.0,0,177.7,-100.0,F,negative_fcf_base,2026-04-27T06:35:03Z
FNGR,"FingerMotion, Inc.",0001602409,-8179680.0,-8382464.67,-7059652.8,35791685.0,0.4071,61281308.0,24214.0,0,0.09,0.12,0.025,5,0,0,0,24214.0,0,1.09,-100.0,F,negative_fcf_base,2026-04-27T06:35:03Z
CYRX,"Cryoport, Inc.",0001124524,-47365000.0,-33850333.33,-19910600.0,176177000.0,0.9257,49856135.0,250494000.0,0,0.09,0.12,0.025,5,0,0,0,250494000.0,0,10.53,-100.0,F,negative_fcf_base,2026-04-27T06:35:03Z
CFOO,China Foods Holdings Ltd.,0001310630,-412705.0,-355059.33,-199107.4,0.0,0.0,20252309.0,9893.0,0,0.09,0.02,0.025,5,0,0,0,9893.0,0,0.66,-100.0,F,negative_fcf_base,2026-04-27T06:35:03Z
MLYS,"Mineralys Therapeutics, Inc.",0001933414,-142416000.0,-129967666.67,-129967666.67,0.0,0.0,82399478.0,172921000.0,0,0.09,0.02,0.025,5,0,0,0,172921000.0,0,26.99,-100.0,F,negative_fcf_base,2026-04-27T06:35:03Z
AIM,AIM ImmunoTech Inc.,0000946644,-10975000.0,-15744666.67,-15474000.0,88000.0,-0.0772,8147782.0,2985000.0,4476000.0,0.09,0.02,0.025,5,0,0,0,-1491000.0,0,0.72,-100.0,F,negative_fcf_base,2026-04-27T06:35:03Z
GGROU,Golden Growers Cooperative,0001489874,-396000.0,-357666.67,-373400.0,61998000.0,0.0337,15490480.0,1197000.0,0,0.09,0.0337189098252717,0.025,5,0,0,0,1197000.0,0,5.0,-100.0,F,negative_fcf_base,2026-04-27T06:35:03Z
BMNR,"BITMINE IMMERSION TECHNOLOGIES, INC.",0001829311,-4225000.0,-2814354.0,-2200651.6,645278.0,0.2283,537628819.0,879577000.0,0,0.09,0.12,0.025,5,0,0,0,879577000.0,0,21.08,-100.0,F,negative_fcf_base,2026-04-27T06:35:03Z
ADIL,"ADIAL PHARMACEUTICALS, INC.",0001513525,-6492603.0,-6740572.67,-8697268.4,0.0,0.0,1427970.0,5881217.0,0,0.09,0.02,0.025,5,0,0,0,5881217.0,0,1.57,-100.0,F,negative_fcf_base,2026-04-27T06:35:03Z
ASFT,"Appsoft Technologies, Inc.",0001651992,-52492.0,-47136.67,-48522.4,0.0,0.0,4495198.0,10.0,0,0.09,0.02,0.025,5,0,0,0,10.0,0,0.35,-100.0,F,negative_fcf_base,2026-04-27T06:35:03Z
ALLO,"Allogene Therapeutics, Inc.",0001737287,-149940000.0,-203371000.0,-226438600.0,22000.0,-0.8454,243777920.0,51688000.0,0,0.09,0.02,0.025,5,0,0,0,51688000.0,0,2.47,-100.0,F,negative_fcf_base,2026-04-27T06:35:03Z
DTIL,PRECISION BIOSCIENCES INC,0001357874,-65843000.0,-69467333.33,-53001600.0,0.0,0.0,24726695.0,110823000.0,0,0.09,0.02,0.025,5,0,0,0,110823000.0,0,5.06,-100.0,F,negative_fcf_base,2026-04-27T06:35:03Z
BIXT,"BIOXYTRAN, INC",0001445815,-526455.0,-452522.33,-972127.2,0.0,0.0,113361886.0,23448.0,0,0.09,0.02,0.025,5,0,0,0,23448.0,0,0.04,-100.0,F,negative_fcf_base,2026-04-27T06:35:03Z
ASNS,ACTELIS NETWORKS INC,0001141284,-7700000.0,-6948000.0,-7166500.0,7760000.0,-0.0316,26725763.0,4057000.0,610000.0,0.09,0.02,0.025,5,0,0,0,3447000.0,0,0.11,-100.0,F,negative_fcf_base,2026-04-27T06:35:03Z
CGEH,"Capstone Green Energy Holdings, Inc.",0001009759,3014000.0,-16911333.33,-16162400.0,91219000.0,-0.0338,18546649.0,3866000.0,50292000.0,0.09,0.02,0.025,5,0,0,0,-46426000.0,0,4.9,-100.0,F,negative_fcf_base,2026-04-27T06:35:03Z
AURA,"Aura Biosciences, Inc.",0001501796,-85189000.0,-76753000.0,-64033200.0,0.0,0.0,64150468.0,59515000.0,0,0.09,0.02,0.025,5,0,0,0,59515000.0,0,6.27,-100.0,F,negative_fcf_base,2026-04-27T06:35:03Z
DARE,"Dare Bioscience, Inc.",0001401914,4900509.0,-9751465.67,-15236891.2,2807885.0,0.1817,14559502.0,24711356.0,10542.0,0.09,0.12,0.025,5,0,0,0,24700814.0,0,1.51,-100.0,F,negative_fcf_base,2026-04-27T06:35:03Z
CIIT,"Tianci International, Inc.",0001557798,-3225714.0,-858850.67,-571438.0,8617265.0,0.0,25331803.0,13164.0,0,0.09,0.02,0.025,5,0,0,0,13164.0,0,1.56,-100.0,F,negative_fcf_base,2026-04-27T06:35:03Z
ECXWW,ECARX Holdings Inc.,0001861974,-103272000.0,-120605000.0,-109793500.0,662226000.0,0.0869,0,87118000.0,0,0.09,0.08690835394387708,0.025,5,0,0,0,87118000.0,0,0.06,-100.0,F,negative_fcf_base,2026-04-27T06:35:03Z
AZTR,"Azitra, Inc.",0001701478,-11232694.0,-9612818.0,-9612818.0,7500.0,-0.8375,16192438.0,2068083.0,0,0.09,0.02,0.025,5,0,0,0,2068083.0,0,0.28,-100.0,F,negative_fcf_base,2026-04-27T06:35:03Z
ANNX,"Annexon, Inc.",0001528115,-186493000.0,-144060666.67,-132318200.0,0.0,0.0,38563565.0,162051000.0,0,0.09,0.02,0.025,5,0,0,0,162051000.0,0,5.54,-100.0,F,negative_fcf_base,2026-04-27T06:35:03Z
CNTN,"Canton Strategic Holdings, Inc.",0001861657,-16128316.0,-11443471.0,-8394921.4,0.0,0.0,56656271.0,7610340.0,0,0.09,0.02,0.025,5,0,0,0,7610340.0,0,3.08,-100.0,F,negative_fcf_base,2026-04-27T06:35:03Z
COYA,"Coya Therapeutics, Inc.",0001835022,-10739301.0,-10738978.0,-9864072.0,3554061.0,-0.2305,23457183.0,46822786.0,0,0.09,0.02,0.025,5,0,0,0,46822786.0,0,4.24,-100.0,F,negative_fcf_base,2026-04-27T06:35:03Z
AXSM,"Axsome Therapeutics, Inc.",0001579428,-93987000.0,-122829000.0,-118663068.8,0.0,0.0,51153289.0,322933000.0,187746000.0,0.09,0.02,0.025,5,0,0,0,135187000.0,0,187.56,-100.0,F,negative_fcf_base,2026-04-27T06:35:03Z
ANTX,"AN2 Therapeutics, Inc.",0001880438,-29834000.0,-44126333.33,-41460250.0,0.0,0.0,35941195.0,19941000.0,0,0.09,0.02,0.025,5,0,0,0,19941000.0,0,3.01,-100.0,F,negative_fcf_base,2026-04-27T06:35:03Z
EMPD,Empery Digital Inc.,0001829794,-18161001.0,-21838593.0,-24876013.2,3983466.0,0.726,27667402.0,8963856.0,49945046.0,0.09,0.12,0.025,5,0,0,0,-40981190.0,0,4.18,-100.0,F,negative_fcf_base,2026-04-27T06:35:03Z
ACET,"Adicet Bio, Inc.",0001720580,-96984000.0,-97335666.67,-81119200.0,0.0,0.0,9596407.0,38918000.0,0,0.09,0.02,0.025,5,0,0,0,38918000.0,0,6.47,-100.0,F,negative_fcf_base,2026-04-27T06:35:03Z
CIMG,CIMG Inc.,0001527613,-17913836.0,-11619616.33,-9947050.2,1793590.0,1.2359,89971443.0,45356.0,28267.0,0.09,0.12,0.025,5,0,0,0,17089.0,0,0.04,-100.0,F,negative_fcf_base,2026-04-27T06:35:03Z
ALMU,"Aeluma, Inc.",0001828805,-1470000.0,-3050931.33,-2316041.4,919000.0,1.1802,18049306.0,38572000.0,0,0.09,0.12,0.025,5,0,0,0,38572000.0,0,13.44,-100.0,F,negative_fcf_base,2026-04-27T06:35:03Z
CVLG,"COVENANT LOGISTICS GROUP, INC.",0000928658,-132766000.0,-75866333.33,-44135000.0,203306000.0,-0.259,0,4946000.0,298051000.0,0.09,0.02,0.025,5,0,0,0,-293105000.0,0,33.59,-100.0,F,negative_fcf_base,2026-04-27T06:35:03Z
BRTX,"BioRestorative Therapies, Inc.",0001505497,-10905032.0,-8645667.0,-7033665.6,36355.0,1.1568,25478170.0,1511188.0,153682.0,0.09,0.12,0.025,5,0,0,0,1357506.0,0,0.23,-100.0,F,negative_fcf_base,2026-04-27T06:35:03Z
BTBT,"Bit Digital, Inc",0001710350,-355584039.0,-160322089.67,-104346392.2,44916131.0,0.4282,326577219.0,118356299.0,3044004.0,0.09,0.12,0.025,5,0,0,0,115312295.0,0,1.31,-100.0,F,negative_fcf_base,2026-04-27T06:35:03Z
ONDS,Ondas Inc.,0001646188,-40780000.0,-37120359.0,-33430377.0,7193000.0,0.3503,467133265.0,550744000.0,300000.0,0.09,0.12,0.025,5,0,0,0,550444000.0,0,9.6,-100.0,F,negative_fcf_base,2026-04-27T06:35:03Z
COGT,"Cogent Biosciences, Inc.",0001622229,-267240000.0,-214127000.0,-165672800.0,0.0,0.0,162308820.0,312012000.0,44250000.0,0.09,0.02,0.025,5,0,0,0,267762000.0,0,36.81,-100.0,F,negative_fcf_base,2026-04-27T06:35:03Z
ACNT,ASCENT INDUSTRIES CO.,0000095953,-2063000.0,6771000.0,7224600.0,80763000.0,-0.2505,9469820.0,57606000.0,0,0.09,0.02,0.025,5,0,0,0,57606000.0,0,13.1,-100.0,F,negative_fcf_base,2026-04-27T06:35:03Z
AVO,"Mission Produce, Inc.",0001802974,-20600000.0,-24333333.33,300000.0,953900000.0,0.0194,70845891.0,44800000.0,100000000.0,0.09,0.02,0.025,5,0,0,0,-55200000.0,0,14.72,-100.0,F,negative_fcf_base,2026-04-27T06:35:03Z
AMTX,"AEMETIS, INC",0000738214,-22739000.0,-38039666.67,-33947000.0,28111000.0,-0.3035,66631852.0,4894000.0,343038000.0,0.09,0.02,0.025,5,0,0,0,-338144000.0,0,1.54,-100.0,F,negative_fcf_base,2026-04-27T06:35:03Z
