time_tag,source,proton_speed_kps,proton_density_pcc,proton_temperature_k,active,captured_at
2026-04-27T23:10:00,ACE,427.7,3.67,64962,1,2026-04-27T23:12:08Z
2026-04-27T23:09:00,ACE,425.4,3.76,65507,1,2026-04-27T23:12:08Z
2026-04-27T23:09:00,DSCOVR,434.9,5.18,87383,0,2026-04-27T23:12:08Z
2026-04-27T23:08:00,ACE,401.7,2.50,30272,1,2026-04-27T23:12:08Z
2026-04-27T23:08:00,DSCOVR,440.1,5.43,111230,0,2026-04-27T23:12:08Z
2026-04-27T23:07:00,DSCOVR,435.1,5.01,98755,0,2026-04-27T23:12:08Z
2026-04-27T23:07:00,ACE,423.0,3.82,67464,1,2026-04-27T23:12:08Z
2026-04-27T23:06:00,ACE,420.7,3.52,57774,1,2026-04-27T23:12:08Z
2026-04-27T23:06:00,DSCOVR,434.7,4.91,95319,0,2026-04-27T23:12:08Z
2026-04-27T23:05:00,DSCOVR,432.9,4.68,70186,0,2026-04-27T23:12:08Z
2026-04-27T23:05:00,ACE,431.2,3.90,85728,1,2026-04-27T23:12:08Z
2026-04-27T23:04:00,ACE,401.4,2.35,30576,1,2026-04-27T23:12:08Z
2026-04-27T23:04:00,DSCOVR,437.9,5.18,113559,0,2026-04-27T23:12:08Z
2026-04-27T23:03:00,ACE,420.6,3.52,59485,1,2026-04-27T23:12:08Z
2026-04-27T23:03:00,DSCOVR,437.7,5.09,96694,0,2026-04-27T23:12:08Z
2026-04-27T23:02:00,ACE,424.2,3.50,57327,1,2026-04-27T23:12:08Z
2026-04-27T23:02:00,DSCOVR,436.0,4.90,91592,0,2026-04-27T23:12:08Z
2026-04-27T23:01:00,ACE,431.9,3.46,78295,1,2026-04-27T23:12:08Z
2026-04-27T23:01:00,DSCOVR,440.1,5.36,115888,0,2026-04-27T23:12:08Z
2026-04-27T23:00:00,DSCOVR,442.3,5.20,115863,0,2026-04-27T23:12:08Z
2026-04-27T23:00:00,ACE,411.9,2.85,49215,1,2026-04-27T23:12:08Z
2026-04-27T22:59:00,ACE,415.8,3.14,49208,1,2026-04-27T23:12:08Z
2026-04-27T22:59:00,DSCOVR,442.4,5.28,106222,0,2026-04-27T23:12:08Z
2026-04-27T22:58:00,ACE,427.8,3.63,64508,1,2026-04-27T23:12:08Z
2026-04-27T22:58:00,DSCOVR,443.2,5.15,109256,0,2026-04-27T23:12:08Z
2026-04-27T22:57:00,ACE,432.2,3.98,82327,1,2026-04-27T23:12:08Z
2026-04-27T22:57:00,DSCOVR,444.8,5.16,105417,0,2026-04-27T23:12:08Z
2026-04-27T22:56:00,DSCOVR,444.4,5.06,111090,0,2026-04-27T23:12:08Z
2026-04-27T22:56:00,ACE,426.9,3.99,80115,1,2026-04-27T23:12:08Z
2026-04-27T22:55:00,ACE,413.1,3.44,45559,1,2026-04-27T23:12:08Z
2026-04-27T22:55:00,DSCOVR,442.7,5.42,113597,0,2026-04-27T23:12:08Z
2026-04-27T22:54:00,ACE,436.1,3.88,91920,1,2026-04-27T23:12:08Z
2026-04-27T22:54:00,DSCOVR,442.4,5.34,119756,0,2026-04-27T23:12:08Z
2026-04-27T22:53:00,DSCOVR,441.2,5.17,117142,0,2026-04-27T23:12:08Z
2026-04-27T22:53:00,ACE,448.2,3.88,135347,1,2026-04-27T23:12:08Z
2026-04-27T22:52:00,DSCOVR,441.2,5.30,116056,0,2026-04-27T23:12:08Z
2026-04-27T22:52:00,ACE,0.0,0.00,0,1,2026-04-27T23:12:08Z
2026-04-27T22:51:00,DSCOVR,437.5,5.36,96482,0,2026-04-27T23:12:08Z
2026-04-27T22:51:00,ACE,0.0,3.05,0,1,2026-04-27T23:12:08Z
2026-04-27T22:50:00,ACE,425.0,3.05,74074,1,2026-04-27T23:12:08Z
2026-04-27T22:50:00,DSCOVR,440.0,5.36,113212,0,2026-04-27T23:12:08Z
2026-04-27T22:49:00,DSCOVR,443.6,5.26,111860,0,2026-04-27T23:12:08Z
2026-04-27T22:49:00,ACE,436.7,4.48,89337,1,2026-04-27T23:12:08Z
2026-04-27T22:48:00,ACE,430.1,3.79,63839,1,2026-04-27T23:12:08Z
2026-04-27T22:48:00,DSCOVR,444.1,5.59,115548,0,2026-04-27T23:12:08Z
2026-04-27T22:47:00,DSCOVR,445.0,5.19,107520,0,2026-04-27T23:12:08Z
2026-04-27T22:47:00,ACE,426.9,4.02,78851,1,2026-04-27T23:12:08Z
2026-04-27T22:46:00,ACE,424.3,3.81,76104,1,2026-04-27T23:12:08Z
2026-04-27T22:46:00,DSCOVR,447.2,5.40,103563,0,2026-04-27T23:12:08Z
2026-04-27T22:45:00,DSCOVR,439.3,5.89,120533,0,2026-04-27T23:12:08Z
2026-04-27T22:45:00,ACE,428.5,3.77,67983,1,2026-04-27T23:12:08Z
2026-04-27T22:44:00,DSCOVR,442.1,5.97,115396,0,2026-04-27T23:12:08Z
2026-04-27T22:44:00,ACE,424.9,4.05,68264,1,2026-04-27T23:12:08Z
2026-04-27T22:43:00,ACE,422.7,4.36,69372,1,2026-04-27T23:12:08Z
2026-04-27T22:43:00,DSCOVR,443.1,5.79,110163,0,2026-04-27T23:12:08Z
2026-04-27T22:42:00,DSCOVR,443.1,6.08,112336,0,2026-04-27T23:12:08Z
2026-04-27T22:42:00,ACE,424.2,4.50,66407,1,2026-04-27T23:12:08Z
2026-04-27T22:41:00,ACE,424.8,2.56,63894,1,2026-04-27T23:12:08Z
2026-04-27T22:41:00,DSCOVR,440.8,6.36,107849,0,2026-04-27T23:12:08Z
2026-04-27T22:40:00,ACE,425.8,4.42,67478,1,2026-04-27T23:12:08Z
2026-04-27T22:40:00,DSCOVR,441.3,6.05,111644,0,2026-04-27T23:12:08Z
2026-04-27T22:39:00,ACE,433.8,4.77,92590,1,2026-04-27T23:12:08Z
2026-04-27T22:39:00,DSCOVR,441.5,6.21,107480,0,2026-04-27T23:12:08Z
2026-04-27T22:38:00,DSCOVR,442.2,6.18,109255,0,2026-04-27T23:12:08Z
2026-04-27T22:38:00,ACE,431.0,4.60,85884,1,2026-04-27T23:12:08Z
2026-04-27T22:37:00,DSCOVR,442.1,6.18,111880,0,2026-04-27T23:12:08Z
2026-04-27T22:37:00,ACE,408.6,3.96,36958,1,2026-04-27T23:12:08Z
2026-04-27T22:36:00,DSCOVR,441.3,6.01,108499,0,2026-04-27T23:12:08Z
2026-04-27T22:36:00,ACE,431.2,4.58,75800,1,2026-04-27T23:12:08Z
2026-04-27T22:35:00,DSCOVR,441.6,5.97,110218,0,2026-04-27T23:12:08Z
2026-04-27T22:35:00,ACE,437.5,4.81,100240,1,2026-04-27T23:12:08Z
2026-04-27T22:34:00,ACE,438.6,4.51,97831,1,2026-04-27T23:12:08Z
2026-04-27T22:34:00,DSCOVR,436.0,6.16,107267,0,2026-04-27T23:12:08Z
2026-04-27T22:33:00,ACE,397.6,2.30,25896,1,2026-04-27T23:12:08Z
2026-04-27T22:33:00,DSCOVR,430.9,5.73,81238,0,2026-04-27T23:12:08Z
2026-04-27T22:32:00,ACE,427.3,4.11,68502,1,2026-04-27T23:12:08Z
2026-04-27T22:32:00,DSCOVR,431.6,6.17,91047,0,2026-04-27T23:12:08Z
2026-04-27T22:31:00,DSCOVR,432.6,5.99,82772,0,2026-04-27T23:12:08Z
2026-04-27T22:31:00,ACE,440.8,4.67,123327,1,2026-04-27T23:12:08Z
2026-04-27T22:30:00,ACE,440.5,4.29,104539,1,2026-04-27T23:12:08Z
2026-04-27T22:30:00,DSCOVR,427.7,5.43,66168,0,2026-04-27T23:12:08Z
2026-04-27T22:29:00,ACE,429.9,3.96,74303,1,2026-04-27T23:12:08Z
2026-04-27T22:29:00,DSCOVR,429.8,6.02,92146,0,2026-04-27T23:12:08Z
2026-04-27T22:28:00,DSCOVR,425.8,5.50,67842,0,2026-04-27T23:12:08Z
2026-04-27T22:28:00,ACE,433.5,4.39,83297,1,2026-04-27T23:12:08Z
2026-04-27T22:27:00,ACE,443.3,4.81,135126,1,2026-04-27T23:12:08Z
2026-04-27T22:27:00,DSCOVR,426.0,5.53,67590,0,2026-04-27T23:12:08Z
2026-04-27T22:26:00,DSCOVR,426.4,5.54,69054,0,2026-04-27T23:12:08Z
2026-04-27T22:26:00,ACE,444.1,4.70,148434,1,2026-04-27T23:12:08Z
2026-04-27T22:25:00,ACE,440.8,2.55,130166,1,2026-04-27T23:12:08Z
2026-04-27T22:25:00,DSCOVR,442.4,6.11,108376,0,2026-04-27T23:12:08Z
2026-04-27T22:24:00,DSCOVR,442.4,5.97,104009,0,2026-04-27T23:12:08Z
2026-04-27T22:24:00,ACE,419.8,4.08,66186,1,2026-04-27T23:12:08Z
2026-04-27T22:23:00,DSCOVR,441.2,6.03,104893,0,2026-04-27T23:12:08Z
2026-04-27T22:23:00,ACE,446.3,4.65,128137,1,2026-04-27T23:12:08Z
2026-04-27T22:22:00,ACE,446.7,4.33,124145,1,2026-04-27T23:12:08Z
2026-04-27T22:22:00,DSCOVR,439.3,5.91,107760,0,2026-04-27T23:12:08Z
2026-04-27T22:21:00,DSCOVR,441.1,5.94,108055,0,2026-04-27T23:12:08Z
2026-04-27T22:21:00,ACE,439.5,4.28,95571,1,2026-04-27T23:12:08Z
2026-04-27T22:20:00,DSCOVR,441.1,5.87,111441,0,2026-04-27T23:12:08Z
2026-04-27T22:20:00,ACE,435.6,4.50,91073,1,2026-04-27T23:12:08Z
2026-04-27T22:19:00,ACE,0.0,0.00,0,1,2026-04-27T23:12:08Z
2026-04-27T22:19:00,DSCOVR,440.9,6.00,110054,0,2026-04-27T23:12:08Z
2026-04-27T22:18:00,DSCOVR,439.6,5.72,108546,0,2026-04-27T23:12:08Z
2026-04-27T22:17:00,ACE,427.5,4.15,69144,1,2026-04-27T23:12:08Z
2026-04-27T22:17:00,DSCOVR,439.1,6.03,114228,0,2026-04-27T23:12:08Z
2026-04-27T22:16:00,ACE,410.7,3.13,38986,1,2026-04-27T23:12:08Z
2026-04-27T22:16:00,DSCOVR,438.7,5.77,112908,0,2026-04-27T23:12:08Z
2026-04-27T22:15:00,DSCOVR,439.1,5.67,111170,0,2026-04-27T23:12:08Z
2026-04-27T22:15:00,ACE,422.3,3.86,58579,1,2026-04-27T23:12:08Z
2026-04-27T22:14:00,DSCOVR,439.5,5.78,111072,0,2026-04-27T23:12:08Z
2026-04-27T22:14:00,ACE,426.4,4.09,60185,1,2026-04-27T23:12:08Z
2026-04-27T22:13:00,DSCOVR,439.8,5.83,111434,0,2026-04-27T23:12:08Z
2026-04-27T22:13:00,ACE,426.7,4.10,61849,1,2026-04-27T23:12:08Z
2026-04-27T22:12:00,ACE,425.8,4.09,58759,1,2026-04-27T23:12:08Z
2026-04-27T22:12:00,DSCOVR,440.4,5.73,108270,0,2026-04-27T23:12:08Z
2026-04-27T22:11:00,DSCOVR,440.5,5.81,107975,0,2026-04-27T23:12:08Z
2026-04-27T22:11:00,ACE,420.4,3.60,47894,1,2026-04-27T23:12:08Z
2026-04-27T22:10:00,DSCOVR,439.1,5.77,107000,0,2026-04-27T23:12:08Z
2026-04-27T22:10:00,ACE,421.4,3.68,49125,1,2026-04-27T23:12:08Z
2026-04-27T22:09:00,DSCOVR,439.2,5.70,101735,0,2026-04-27T23:12:08Z
2026-04-27T22:09:00,ACE,425.7,4.19,55342,1,2026-04-27T23:12:08Z
2026-04-27T22:08:00,ACE,425.1,4.26,53426,1,2026-04-27T23:12:08Z
2026-04-27T22:08:00,DSCOVR,441.1,5.88,109573,0,2026-04-27T23:12:08Z
2026-04-27T22:07:00,DSCOVR,440.0,5.83,108686,0,2026-04-27T23:12:08Z
2026-04-27T22:07:00,ACE,422.8,4.21,55027,1,2026-04-27T23:12:08Z
2026-04-27T22:06:00,ACE,422.7,4.22,54566,1,2026-04-27T23:12:08Z
2026-04-27T22:06:00,DSCOVR,439.5,5.83,110670,0,2026-04-27T23:12:08Z
2026-04-27T22:05:00,ACE,425.2,3.86,54301,1,2026-04-27T23:12:08Z
2026-04-27T22:05:00,DSCOVR,439.2,6.06,115558,0,2026-04-27T23:12:08Z
2026-04-27T22:04:00,ACE,424.5,3.85,55794,1,2026-04-27T23:12:08Z
2026-04-27T22:04:00,DSCOVR,439.6,5.84,113456,0,2026-04-27T23:12:08Z
2026-04-27T22:03:00,DSCOVR,434.8,5.42,84006,0,2026-04-27T23:12:08Z
2026-04-27T22:03:00,ACE,428.0,4.16,74642,1,2026-04-27T23:12:08Z
2026-04-27T22:02:00,DSCOVR,433.2,5.60,89055,0,2026-04-27T23:12:08Z
2026-04-27T22:02:00,ACE,393.9,2.49,22592,1,2026-04-27T23:12:08Z
2026-04-27T22:01:00,ACE,425.9,3.41,56785,1,2026-04-27T23:12:08Z
2026-04-27T22:01:00,DSCOVR,433.1,5.80,91848,0,2026-04-27T23:12:08Z
2026-04-27T22:00:00,DSCOVR,433.8,5.55,95737,0,2026-04-27T23:12:08Z
2026-04-27T22:00:00,ACE,426.1,4.04,56600,1,2026-04-27T23:12:08Z
2026-04-27T21:59:00,DSCOVR,434.4,5.60,90601,0,2026-04-27T23:12:08Z
2026-04-27T21:59:00,ACE,426.0,4.11,56449,1,2026-04-27T23:12:08Z
2026-04-27T21:58:00,DSCOVR,439.6,5.83,117826,0,2026-04-27T23:12:08Z
2026-04-27T21:58:00,ACE,420.0,3.95,48329,1,2026-04-27T23:12:08Z
2026-04-27T21:57:00,ACE,425.2,4.07,55089,1,2026-04-27T23:12:08Z
2026-04-27T21:57:00,DSCOVR,442.0,5.91,111613,0,2026-04-27T23:12:08Z
2026-04-27T21:56:00,DSCOVR,442.5,5.90,116954,0,2026-04-27T23:12:08Z
2026-04-27T21:56:00,ACE,429.2,4.22,62760,1,2026-04-27T23:12:08Z
2026-04-27T21:55:00,DSCOVR,442.3,6.21,118667,0,2026-04-27T23:12:08Z
2026-04-27T21:55:00,ACE,430.6,4.14,67055,1,2026-04-27T23:12:08Z
2026-04-27T21:54:00,DSCOVR,440.8,5.93,111895,0,2026-04-27T23:12:08Z
2026-04-27T21:54:00,ACE,417.3,3.27,47186,1,2026-04-27T23:12:08Z
2026-04-27T21:53:00,ACE,417.5,3.39,47770,1,2026-04-27T23:12:08Z
2026-04-27T21:53:00,DSCOVR,440.8,6.34,113482,0,2026-04-27T23:12:08Z
2026-04-27T21:52:00,DSCOVR,437.4,6.16,110050,0,2026-04-27T23:12:08Z
2026-04-27T21:52:00,ACE,434.8,4.73,76860,1,2026-04-27T23:12:08Z
2026-04-27T21:51:00,DSCOVR,437.2,5.95,112667,0,2026-04-27T23:12:08Z
2026-04-27T21:51:00,ACE,432.2,4.77,74293,1,2026-04-27T23:12:08Z
2026-04-27T21:50:00,DSCOVR,441.0,6.05,114028,0,2026-04-27T23:12:08Z
2026-04-27T21:50:00,ACE,427.2,3.80,63823,1,2026-04-27T23:12:08Z
2026-04-27T21:49:00,DSCOVR,441.9,6.19,120066,0,2026-04-27T23:12:08Z
2026-04-27T21:49:00,ACE,406.4,2.20,28948,1,2026-04-27T23:12:08Z
2026-04-27T21:48:00,ACE,420.6,3.06,42053,1,2026-04-27T23:12:08Z
2026-04-27T21:48:00,DSCOVR,441.3,6.20,118002,0,2026-04-27T23:12:08Z
2026-04-27T21:47:00,ACE,416.3,2.75,40295,1,2026-04-27T23:12:08Z
2026-04-27T21:47:00,DSCOVR,441.5,6.15,119810,0,2026-04-27T23:12:08Z
2026-04-27T21:46:00,ACE,0.0,0.00,0,1,2026-04-27T23:12:08Z
2026-04-27T21:46:00,DSCOVR,443.1,6.22,119103,0,2026-04-27T23:12:08Z
2026-04-27T21:45:00,DSCOVR,440.3,5.81,110940,0,2026-04-27T23:12:08Z
2026-04-27T21:45:00,ACE,0.0,0.00,0,1,2026-04-27T23:12:08Z
2026-04-27T21:44:00,DSCOVR,442.2,5.85,116068,0,2026-04-27T23:12:08Z
2026-04-27T21:44:00,ACE,420.7,3.41,52358,1,2026-04-27T23:12:08Z
2026-04-27T21:43:00,DSCOVR,442.7,6.23,121602,0,2026-04-27T23:12:08Z
2026-04-27T21:43:00,ACE,420.8,3.92,65099,1,2026-04-27T23:12:08Z
2026-04-27T21:42:00,DSCOVR,439.2,6.19,116793,0,2026-04-27T23:12:08Z
2026-04-27T21:42:00,ACE,430.6,4.22,86654,1,2026-04-27T23:12:08Z
2026-04-27T21:41:00,DSCOVR,440.0,6.12,118780,0,2026-04-27T23:12:08Z
2026-04-27T21:41:00,ACE,433.2,4.36,89795,1,2026-04-27T23:12:08Z
2026-04-27T21:40:00,ACE,426.5,3.83,69301,1,2026-04-27T23:12:08Z
2026-04-27T21:40:00,DSCOVR,439.1,6.23,119777,0,2026-04-27T23:12:08Z
2026-04-27T21:39:00,DSCOVR,436.2,6.23,101936,0,2026-04-27T23:12:08Z
2026-04-27T21:39:00,ACE,425.9,3.71,63800,1,2026-04-27T23:12:08Z
2026-04-27T21:38:00,ACE,434.3,4.27,87542,1,2026-04-27T23:12:08Z
2026-04-27T21:38:00,DSCOVR,438.9,6.30,119451,0,2026-04-27T23:12:08Z
2026-04-27T21:37:00,DSCOVR,440.4,6.16,119898,0,2026-04-27T23:12:08Z
2026-04-27T21:37:00,ACE,440.8,4.59,105791,1,2026-04-27T23:12:08Z
2026-04-27T21:36:00,DSCOVR,438.9,6.22,112411,0,2026-04-27T23:12:08Z
2026-04-27T21:36:00,ACE,430.0,3.75,78271,1,2026-04-27T23:12:08Z
2026-04-27T21:35:00,DSCOVR,437.8,6.08,114801,0,2026-04-27T23:12:08Z
2026-04-27T21:35:00,ACE,418.6,3.07,51155,1,2026-04-27T23:12:08Z
2026-04-27T21:34:00,DSCOVR,440.0,6.14,118370,0,2026-04-27T23:12:08Z
2026-04-27T21:34:00,ACE,439.7,4.50,98257,1,2026-04-27T23:12:08Z
2026-04-27T21:33:00,DSCOVR,439.1,6.53,121480,0,2026-04-27T23:12:08Z
2026-04-27T21:33:00,ACE,446.2,4.58,119010,1,2026-04-27T23:12:08Z
2026-04-27T21:32:00,DSCOVR,438.0,6.30,116578,0,2026-04-27T23:12:08Z
2026-04-27T21:32:00,ACE,451.4,4.18,124187,1,2026-04-27T23:12:08Z
2026-04-27T21:31:00,DSCOVR,438.8,6.16,114048,0,2026-04-27T23:12:08Z
2026-04-27T21:31:00,ACE,408.7,2.80,35827,1,2026-04-27T23:12:08Z
2026-04-27T21:30:00,DSCOVR,438.5,6.26,114424,0,2026-04-27T23:12:08Z
2026-04-27T21:30:00,ACE,434.8,3.25,77569,1,2026-04-27T23:12:08Z
2026-04-27T21:29:00,ACE,451.1,4.09,104765,1,2026-04-27T23:12:08Z
2026-04-27T21:29:00,DSCOVR,442.1,6.20,116127,0,2026-04-27T23:12:08Z
2026-04-27T21:28:00,DSCOVR,442.4,6.28,119910,0,2026-04-27T23:12:08Z
2026-04-27T21:28:00,ACE,451.7,3.85,96825,1,2026-04-27T23:12:08Z
2026-04-27T21:27:00,ACE,430.0,3.77,62067,1,2026-04-27T23:12:08Z
2026-04-27T21:27:00,DSCOVR,440.9,6.38,124047,0,2026-04-27T23:12:08Z
2026-04-27T21:26:00,ACE,432.0,4.14,56489,1,2026-04-27T23:12:08Z
2026-04-27T21:26:00,DSCOVR,443.5,6.35,121348,0,2026-04-27T23:12:08Z
2026-04-27T21:25:00,ACE,440.8,4.15,76592,1,2026-04-27T23:12:08Z
2026-04-27T21:25:00,DSCOVR,442.8,6.19,119515,0,2026-04-27T23:12:08Z
2026-04-27T21:24:00,DSCOVR,441.7,5.93,118692,0,2026-04-27T23:12:08Z
2026-04-27T21:24:00,ACE,446.3,4.33,87395,1,2026-04-27T23:12:08Z
2026-04-27T21:23:00,ACE,428.1,4.28,63826,1,2026-04-27T23:12:08Z
2026-04-27T21:23:00,DSCOVR,441.9,6.05,119984,0,2026-04-27T23:12:08Z
2026-04-27T21:22:00,DSCOVR,443.6,6.00,116451,0,2026-04-27T23:12:08Z
2026-04-27T21:22:00,ACE,425.6,4.13,55482,1,2026-04-27T23:12:08Z
2026-04-27T21:21:00,ACE,443.4,4.21,83454,1,2026-04-27T23:12:08Z
2026-04-27T21:21:00,DSCOVR,440.4,6.31,121745,0,2026-04-27T23:12:08Z
2026-04-27T21:20:00,ACE,449.2,4.29,95890,1,2026-04-27T23:12:08Z
2026-04-27T21:20:00,DSCOVR,438.6,6.44,119020,0,2026-04-27T23:12:08Z
2026-04-27T21:19:00,ACE,435.9,4.12,64059,1,2026-04-27T23:12:08Z
2026-04-27T21:19:00,DSCOVR,438.3,6.25,106233,0,2026-04-27T23:12:08Z
2026-04-27T21:18:00,DSCOVR,438.9,6.45,115486,0,2026-04-27T23:12:08Z
2026-04-27T21:18:00,ACE,412.8,3.77,34161,1,2026-04-27T23:12:08Z
2026-04-27T21:17:00,DSCOVR,440.5,6.25,114388,0,2026-04-27T23:12:08Z
2026-04-27T21:17:00,ACE,429.3,3.54,49329,1,2026-04-27T23:12:08Z
2026-04-27T21:16:00,ACE,438.8,3.89,66952,1,2026-04-27T23:12:08Z
2026-04-27T21:16:00,DSCOVR,439.0,6.49,109389,0,2026-04-27T23:12:08Z
2026-04-27T21:15:00,DSCOVR,439.7,6.40,99490,0,2026-04-27T23:12:08Z
2026-04-27T21:14:00,ACE,440.0,4.25,69115,1,2026-04-27T23:12:08Z
2026-04-27T21:14:00,DSCOVR,440.0,6.54,105408,0,2026-04-27T23:12:08Z
2026-04-27T21:13:00,DSCOVR,440.0,6.60,105612,0,2026-04-27T23:12:08Z
2026-04-27T21:13:00,ACE,445.0,4.63,76420,1,2026-04-27T23:12:08Z
2026-04-27T21:12:00,ACE,445.2,4.64,76672,1,2026-04-27T23:12:08Z
2026-04-27T21:12:00,DSCOVR,440.2,6.34,104744,0,2026-04-27T23:12:08Z
2026-04-27T21:11:00,ACE,439.9,4.36,71939,1,2026-04-27T23:12:08Z
2026-04-27T21:11:00,DSCOVR,440.1,6.33,109281,0,2026-04-27T23:12:08Z
2026-04-27T21:10:00,ACE,445.6,3.84,84521,1,2026-04-27T23:12:08Z
2026-04-27T21:10:00,DSCOVR,441.3,6.30,108988,0,2026-04-27T23:12:08Z
2026-04-27T21:09:00,DSCOVR,440.7,6.54,102141,0,2026-04-27T23:12:08Z
2026-04-27T21:09:00,ACE,432.7,3.15,56684,1,2026-04-27T23:12:08Z
2026-04-27T21:08:00,ACE,433.5,3.54,62592,1,2026-04-27T23:12:08Z
2026-04-27T21:08:00,DSCOVR,440.7,6.39,107416,0,2026-04-27T23:12:08Z
2026-04-27T21:07:00,ACE,439.5,4.04,76423,1,2026-04-27T23:12:08Z
2026-04-27T21:07:00,DSCOVR,441.4,6.81,107522,0,2026-04-27T23:12:08Z
2026-04-27T21:06:00,ACE,442.1,3.93,85371,1,2026-04-27T23:12:08Z
2026-04-27T21:06:00,DSCOVR,445.2,5.91,114914,0,2026-04-27T23:12:08Z
2026-04-27T21:05:00,ACE,431.3,3.18,65592,1,2026-04-27T23:12:08Z
2026-04-27T21:05:00,DSCOVR,446.1,5.95,118119,0,2026-04-27T23:12:08Z
2026-04-27T21:04:00,ACE,425.5,2.98,49516,1,2026-04-27T23:12:08Z
2026-04-27T21:04:00,DSCOVR,441.9,6.48,120266,0,2026-04-27T23:12:08Z
2026-04-27T21:03:00,DSCOVR,445.7,5.99,118831,0,2026-04-27T23:12:08Z
2026-04-27T21:03:00,ACE,440.6,3.81,76864,1,2026-04-27T23:12:08Z
2026-04-27T21:02:00,DSCOVR,441.9,6.51,112973,0,2026-04-27T23:12:08Z
2026-04-27T21:02:00,ACE,437.4,3.70,64697,1,2026-04-27T23:12:08Z
2026-04-27T21:01:00,DSCOVR,444.2,6.14,113234,0,2026-04-27T23:12:08Z
2026-04-27T21:01:00,ACE,437.0,3.65,61377,1,2026-04-27T23:12:08Z
2026-04-27T21:00:00,ACE,425.1,3.58,42859,1,2026-04-27T23:12:08Z
2026-04-27T21:00:00,DSCOVR,447.1,5.84,111157,0,2026-04-27T23:12:08Z
2026-04-27T20:59:00,DSCOVR,447.9,5.90,108852,0,2026-04-27T23:12:08Z
2026-04-27T20:59:00,ACE,448.0,4.47,76266,1,2026-04-27T23:12:08Z
2026-04-27T20:58:00,DSCOVR,449.0,6.02,103831,0,2026-04-27T23:12:08Z
2026-04-27T20:58:00,ACE,444.2,4.49,65761,1,2026-04-27T23:12:08Z
2026-04-27T20:57:00,DSCOVR,449.0,6.21,97664,0,2026-04-27T23:12:08Z
2026-04-27T20:57:00,ACE,0.0,4.49,0,1,2026-04-27T23:12:08Z
2026-04-27T20:56:00,ACE,408.8,1.86,26820,1,2026-04-27T23:12:08Z
2026-04-27T20:56:00,DSCOVR,448.6,6.14,94364,0,2026-04-27T23:12:08Z
2026-04-27T20:55:00,DSCOVR,444.2,6.55,103954,0,2026-04-27T23:12:08Z
2026-04-27T20:55:00,ACE,433.4,3.21,58491,1,2026-04-27T23:12:08Z
2026-04-27T20:54:00,DSCOVR,446.5,6.50,100556,0,2026-04-27T23:12:08Z
2026-04-27T20:54:00,ACE,441.8,4.12,82738,1,2026-04-27T23:12:08Z
2026-04-27T20:53:00,ACE,447.9,3.98,100435,1,2026-04-27T23:12:08Z
2026-04-27T20:53:00,DSCOVR,447.1,6.31,93463,0,2026-04-27T23:12:08Z
2026-04-27T20:52:00,ACE,421.0,2.65,51163,1,2026-04-27T23:12:08Z
2026-04-27T20:52:00,DSCOVR,447.2,6.56,93409,0,2026-04-27T23:12:08Z
2026-04-27T20:51:00,ACE,427.0,3.12,57479,1,2026-04-27T23:12:08Z
2026-04-27T20:51:00,DSCOVR,446.5,6.24,93176,0,2026-04-27T23:12:08Z
2026-04-27T20:50:00,DSCOVR,446.8,6.16,95523,0,2026-04-27T23:12:08Z
2026-04-27T20:50:00,ACE,444.4,4.08,86351,1,2026-04-27T23:12:08Z
2026-04-27T20:49:00,ACE,445.5,3.96,82663,1,2026-04-27T23:12:08Z
2026-04-27T20:49:00,DSCOVR,446.9,6.29,99209,0,2026-04-27T23:12:08Z
2026-04-27T20:48:00,DSCOVR,447.4,6.33,98524,0,2026-04-27T23:12:08Z
2026-04-27T20:48:00,ACE,431.0,3.06,56627,1,2026-04-27T23:12:08Z
2026-04-27T20:47:00,DSCOVR,450.2,7.60,113437,0,2026-04-27T23:12:08Z
2026-04-27T20:47:00,ACE,412.2,2.39,31166,1,2026-04-27T23:12:08Z
2026-04-27T20:46:00,DSCOVR,446.1,8.54,131613,0,2026-04-27T23:12:08Z
2026-04-27T20:46:00,ACE,433.8,3.59,59979,1,2026-04-27T23:12:08Z
2026-04-27T20:45:00,DSCOVR,448.9,9.01,129185,0,2026-04-27T23:12:08Z
2026-04-27T20:45:00,ACE,437.9,3.98,70250,1,2026-04-27T23:12:08Z
2026-04-27T20:44:00,DSCOVR,447.3,8.88,136855,0,2026-04-27T23:12:08Z
2026-04-27T20:44:00,ACE,442.3,3.96,86741,1,2026-04-27T23:12:08Z
2026-04-27T20:43:00,DSCOVR,448.5,8.86,135294,0,2026-04-27T23:12:08Z
2026-04-27T20:43:00,ACE,422.8,2.46,37046,1,2026-04-27T23:12:08Z
2026-04-27T20:42:00,ACE,438.3,3.53,61288,1,2026-04-27T23:12:08Z
2026-04-27T20:42:00,DSCOVR,448.8,8.75,127875,0,2026-04-27T23:12:08Z
2026-04-27T20:41:00,DSCOVR,454.2,7.70,120379,0,2026-04-27T23:12:08Z
2026-04-27T20:41:00,ACE,0.0,3.53,0,1,2026-04-27T23:12:08Z
2026-04-27T20:40:00,ACE,459.5,5.19,153507,1,2026-04-27T23:12:08Z
2026-04-27T20:40:00,DSCOVR,452.3,7.55,109238,0,2026-04-27T23:12:08Z
2026-04-27T20:39:00,DSCOVR,449.4,7.00,100136,0,2026-04-27T23:12:08Z
2026-04-27T20:39:00,ACE,462.0,5.40,163958,1,2026-04-27T23:12:08Z
2026-04-27T20:38:00,DSCOVR,448.0,7.10,98149,0,2026-04-27T23:12:08Z
2026-04-27T20:38:00,ACE,429.0,3.28,48347,1,2026-04-27T23:12:08Z
2026-04-27T20:37:00,DSCOVR,448.8,6.69,98808,0,2026-04-27T23:12:08Z
2026-04-27T20:37:00,ACE,440.7,4.02,74406,1,2026-04-27T23:12:08Z
2026-04-27T20:36:00,ACE,451.6,3.94,108168,1,2026-04-27T23:12:08Z
2026-04-27T20:36:00,DSCOVR,448.9,6.58,92226,0,2026-04-27T23:12:08Z
2026-04-27T20:35:00,DSCOVR,448.7,6.65,97651,0,2026-04-27T23:12:08Z
2026-04-27T20:35:00,ACE,448.2,3.62,92575,1,2026-04-27T23:12:08Z
2026-04-27T20:34:00,ACE,432.3,3.30,57735,1,2026-04-27T23:12:08Z
2026-04-27T20:34:00,DSCOVR,448.4,6.74,100497,0,2026-04-27T23:12:08Z
2026-04-27T20:33:00,ACE,431.2,3.38,61828,1,2026-04-27T23:12:08Z
2026-04-27T20:33:00,DSCOVR,447.8,7.16,95242,0,2026-04-27T23:12:08Z
2026-04-27T20:32:00,ACE,447.4,3.85,95888,1,2026-04-27T23:12:08Z
2026-04-27T20:32:00,DSCOVR,447.3,7.02,95203,0,2026-04-27T23:12:08Z
2026-04-27T20:31:00,ACE,451.9,3.89,107051,1,2026-04-27T23:12:08Z
2026-04-27T20:31:00,DSCOVR,446.8,7.05,91062,0,2026-04-27T23:12:08Z
2026-04-27T20:30:00,ACE,441.1,3.55,76563,1,2026-04-27T23:12:08Z
2026-04-27T20:30:00,DSCOVR,447.2,7.15,94552,0,2026-04-27T23:12:08Z
2026-04-27T20:29:00,DSCOVR,447.2,7.07,93078,0,2026-04-27T23:12:08Z
2026-04-27T20:29:00,ACE,424.7,2.81,54220,1,2026-04-27T23:12:08Z
2026-04-27T20:28:00,DSCOVR,446.8,6.99,91815,0,2026-04-27T23:12:08Z
2026-04-27T20:28:00,ACE,440.2,3.22,88442,1,2026-04-27T23:12:08Z
2026-04-27T20:27:00,ACE,449.4,3.72,117843,1,2026-04-27T23:12:08Z
2026-04-27T20:27:00,DSCOVR,447.3,7.26,99525,0,2026-04-27T23:12:08Z
2026-04-27T20:26:00,DSCOVR,447.3,6.95,91664,0,2026-04-27T23:12:08Z
2026-04-27T20:26:00,ACE,455.1,3.57,100492,1,2026-04-27T23:12:08Z
2026-04-27T20:25:00,ACE,413.3,2.83,39303,1,2026-04-27T23:12:08Z
2026-04-27T20:25:00,DSCOVR,447.1,7.83,116751,0,2026-04-27T23:12:08Z
2026-04-27T20:24:00,ACE,443.1,3.76,70606,1,2026-04-27T23:12:08Z
2026-04-27T20:24:00,DSCOVR,445.0,9.14,133875,0,2026-04-27T23:12:08Z
2026-04-27T20:23:00,ACE,447.5,3.89,83783,1,2026-04-27T23:12:08Z
2026-04-27T20:23:00,DSCOVR,446.6,9.71,136940,0,2026-04-27T23:12:08Z
2026-04-27T20:22:00,DSCOVR,448.0,9.40,138036,0,2026-04-27T23:12:08Z
2026-04-27T20:22:00,ACE,454.7,4.01,93015,1,2026-04-27T23:12:08Z
2026-04-27T20:21:00,DSCOVR,447.6,9.78,134444,0,2026-04-27T23:12:08Z
2026-04-27T20:21:00,ACE,425.4,2.86,46311,1,2026-04-27T23:12:08Z
2026-04-27T20:20:00,DSCOVR,448.0,9.31,130159,0,2026-04-27T23:12:08Z
2026-04-27T20:20:00,ACE,435.3,3.40,54745,1,2026-04-27T23:12:08Z
2026-04-27T20:19:00,DSCOVR,447.1,9.12,127850,0,2026-04-27T23:12:08Z
2026-04-27T20:19:00,ACE,451.2,4.24,85498,1,2026-04-27T23:12:08Z
2026-04-27T20:18:00,ACE,452.5,4.14,93470,1,2026-04-27T23:12:08Z
2026-04-27T20:18:00,DSCOVR,446.5,8.88,126214,0,2026-04-27T23:12:08Z
2026-04-27T20:17:00,ACE,439.7,3.32,64986,1,2026-04-27T23:12:08Z
2026-04-27T20:17:00,DSCOVR,446.9,9.18,127389,0,2026-04-27T23:12:08Z
2026-04-27T20:16:00,ACE,433.7,3.03,46481,1,2026-04-27T23:12:08Z
2026-04-27T20:16:00,DSCOVR,448.4,8.33,126354,0,2026-04-27T23:12:08Z
2026-04-27T20:15:00,DSCOVR,450.8,8.37,120401,0,2026-04-27T23:12:08Z
2026-04-27T20:15:00,ACE,452.9,3.88,82835,1,2026-04-27T23:12:08Z
2026-04-27T20:14:00,ACE,456.4,4.14,104857,1,2026-04-27T23:12:08Z
2026-04-27T20:14:00,DSCOVR,449.1,9.08,130341,0,2026-04-27T23:12:08Z
2026-04-27T20:13:00,DSCOVR,448.9,8.01,113760,0,2026-04-27T23:12:08Z
2026-04-27T20:13:00,ACE,451.8,3.88,92619,1,2026-04-27T23:12:08Z
2026-04-27T20:12:00,DSCOVR,449.4,8.66,131934,0,2026-04-27T23:12:08Z
2026-04-27T20:12:00,ACE,429.7,3.17,46954,1,2026-04-27T23:12:08Z
2026-04-27T20:11:00,ACE,452.4,4.45,102016,1,2026-04-27T23:12:08Z
2026-04-27T20:11:00,DSCOVR,449.4,7.98,125153,0,2026-04-27T23:12:08Z
2026-04-27T20:10:00,ACE,453.7,3.95,98784,1,2026-04-27T23:12:08Z
2026-04-27T20:10:00,DSCOVR,448.0,9.48,125166,0,2026-04-27T23:12:08Z
2026-04-27T20:09:00,DSCOVR,449.3,9.07,126402,0,2026-04-27T23:12:08Z
2026-04-27T20:09:00,ACE,455.3,3.75,91429,1,2026-04-27T23:12:08Z
2026-04-27T20:08:00,ACE,459.5,3.62,86904,1,2026-04-27T23:12:08Z
2026-04-27T20:08:00,DSCOVR,449.0,8.64,117790,0,2026-04-27T23:12:08Z
2026-04-27T20:07:00,ACE,399.9,3.70,29576,1,2026-04-27T23:12:08Z
2026-04-27T20:07:00,DSCOVR,450.4,8.92,124959,0,2026-04-27T23:12:08Z
2026-04-27T20:06:00,DSCOVR,452.4,9.11,136596,0,2026-04-27T23:12:08Z
2026-04-27T20:06:00,ACE,387.9,3.72,18221,1,2026-04-27T23:12:08Z
2026-04-27T20:05:00,ACE,455.7,4.67,101110,1,2026-04-27T23:12:08Z
2026-04-27T20:05:00,DSCOVR,449.0,9.05,131660,0,2026-04-27T23:12:08Z
2026-04-27T20:04:00,ACE,461.8,4.12,116326,1,2026-04-27T23:12:08Z
2026-04-27T20:04:00,DSCOVR,449.4,9.43,131496,0,2026-04-27T23:12:08Z
2026-04-27T20:03:00,DSCOVR,450.0,9.43,130014,0,2026-04-27T23:12:08Z
2026-04-27T20:03:00,ACE,443.1,3.42,79197,1,2026-04-27T23:12:08Z
2026-04-27T20:02:00,DSCOVR,452.7,9.53,134351,0,2026-04-27T23:12:08Z
2026-04-27T20:02:00,ACE,443.8,3.63,70906,1,2026-04-27T23:12:08Z
2026-04-27T20:01:00,ACE,456.7,4.12,89081,1,2026-04-27T23:12:08Z
2026-04-27T20:01:00,DSCOVR,452.3,8.88,123938,0,2026-04-27T23:12:08Z
2026-04-27T20:00:00,DSCOVR,455.8,7.77,117197,0,2026-04-27T23:12:08Z
2026-04-27T20:00:00,ACE,454.2,4.00,85731,1,2026-04-27T23:12:08Z
2026-04-27T19:59:00,DSCOVR,455.1,7.94,116079,0,2026-04-27T23:12:08Z
2026-04-27T19:59:00,ACE,446.5,3.60,78911,1,2026-04-27T23:12:08Z
2026-04-27T19:58:00,DSCOVR,454.1,7.76,112972,0,2026-04-27T23:12:08Z
2026-04-27T19:58:00,ACE,422.3,3.36,46094,1,2026-04-27T23:12:08Z
2026-04-27T19:57:00,DSCOVR,453.1,7.60,114911,0,2026-04-27T23:12:08Z
2026-04-27T19:57:00,ACE,451.8,4.21,93247,1,2026-04-27T23:12:08Z
2026-04-27T19:56:00,DSCOVR,452.5,8.44,127508,0,2026-04-27T23:12:08Z
2026-04-27T19:56:00,ACE,452.0,3.88,79530,1,2026-04-27T23:12:08Z
2026-04-27T19:55:00,DSCOVR,454.6,8.07,142168,0,2026-04-27T23:12:08Z
2026-04-27T19:55:00,ACE,453.0,3.47,86979,1,2026-04-27T23:12:08Z
2026-04-27T19:54:00,DSCOVR,451.2,8.28,127507,0,2026-04-27T23:12:08Z
2026-04-27T19:54:00,ACE,400.9,2.88,27321,1,2026-04-27T23:12:08Z
2026-04-27T19:53:00,ACE,452.5,3.89,94862,1,2026-04-27T23:12:08Z
2026-04-27T19:53:00,DSCOVR,452.3,9.53,163507,0,2026-04-27T23:12:08Z
2026-04-27T19:52:00,ACE,453.4,3.88,95088,1,2026-04-27T23:12:08Z
2026-04-27T19:52:00,DSCOVR,448.8,8.09,129539,0,2026-04-27T23:12:08Z
2026-04-27T19:51:00,ACE,455.9,3.63,90222,1,2026-04-27T23:12:08Z
2026-04-27T19:51:00,DSCOVR,450.2,7.85,128471,0,2026-04-27T23:12:08Z
2026-04-27T19:50:00,ACE,414.5,3.53,42241,1,2026-04-27T23:12:08Z
2026-04-27T19:50:00,DSCOVR,452.7,8.20,126821,0,2026-04-27T23:12:08Z
2026-04-27T19:49:00,ACE,432.6,3.65,62369,1,2026-04-27T23:12:08Z
2026-04-27T19:49:00,DSCOVR,449.4,8.47,122935,0,2026-04-27T23:12:08Z
2026-04-27T19:48:00,ACE,445.1,3.87,76321,1,2026-04-27T23:12:08Z
2026-04-27T19:48:00,DSCOVR,456.4,7.81,122411,0,2026-04-27T23:12:08Z
2026-04-27T19:47:00,ACE,450.5,3.85,92497,1,2026-04-27T23:12:08Z
2026-04-27T19:47:00,DSCOVR,454.3,8.96,141692,0,2026-04-27T23:12:08Z
2026-04-27T19:46:00,DSCOVR,451.2,8.45,115670,0,2026-04-27T23:12:08Z
2026-04-27T19:46:00,ACE,440.3,3.65,74309,1,2026-04-27T23:12:08Z
2026-04-27T19:45:00,ACE,438.1,4.00,63196,1,2026-04-27T23:12:08Z
2026-04-27T19:45:00,DSCOVR,463.4,7.84,164781,0,2026-04-27T23:12:08Z
2026-04-27T19:44:00,DSCOVR,456.9,8.18,129420,0,2026-04-27T23:12:08Z
2026-04-27T19:44:00,ACE,450.3,4.38,82139,1,2026-04-27T23:12:08Z
2026-04-27T19:43:00,ACE,444.5,4.04,75284,1,2026-04-27T23:12:08Z
2026-04-27T19:43:00,DSCOVR,450.5,9.91,126336,0,2026-04-27T23:12:08Z
2026-04-27T19:42:00,DSCOVR,450.7,9.55,124636,0,2026-04-27T23:12:08Z
2026-04-27T19:42:00,ACE,447.3,4.11,87329,1,2026-04-27T23:12:08Z
2026-04-27T19:41:00,DSCOVR,448.0,9.72,126907,0,2026-04-27T23:12:08Z
2026-04-27T19:41:00,ACE,445.7,4.42,73779,1,2026-04-27T23:12:08Z
2026-04-27T19:40:00,ACE,452.7,4.54,84947,1,2026-04-27T23:12:08Z
2026-04-27T19:40:00,DSCOVR,448.9,9.24,128910,0,2026-04-27T23:12:08Z
2026-04-27T19:39:00,DSCOVR,448.8,9.56,128306,0,2026-04-27T23:12:08Z
2026-04-27T19:39:00,ACE,447.7,4.31,80816,1,2026-04-27T23:12:08Z
2026-04-27T19:38:00,DSCOVR,448.9,9.08,125425,0,2026-04-27T23:12:08Z
2026-04-27T19:38:00,ACE,445.4,3.98,67502,1,2026-04-27T23:12:08Z
2026-04-27T19:37:00,DSCOVR,448.6,8.42,132354,0,2026-04-27T23:12:08Z
2026-04-27T19:37:00,ACE,452.7,4.51,88990,1,2026-04-27T23:12:08Z
2026-04-27T19:36:00,ACE,430.9,2.92,47146,1,2026-04-27T23:12:08Z
2026-04-27T19:36:00,DSCOVR,448.3,8.71,140505,0,2026-04-27T23:12:08Z
2026-04-27T19:35:00,ACE,440.2,3.51,61803,1,2026-04-27T23:12:08Z
2026-04-27T19:35:00,DSCOVR,449.8,8.15,134116,0,2026-04-27T23:12:08Z
2026-04-27T19:34:00,DSCOVR,448.5,8.61,136144,0,2026-04-27T23:12:08Z
2026-04-27T19:34:00,ACE,467.1,4.94,184619,1,2026-04-27T23:12:08Z
2026-04-27T19:33:00,DSCOVR,449.0,8.53,133991,0,2026-04-27T23:12:08Z
2026-04-27T19:33:00,ACE,474.6,5.32,220817,1,2026-04-27T23:12:08Z
2026-04-27T19:32:00,DSCOVR,448.7,7.69,128518,0,2026-04-27T23:12:08Z
2026-04-27T19:32:00,ACE,430.6,3.53,47067,1,2026-04-27T23:12:08Z
2026-04-27T19:31:00,ACE,435.0,3.67,52482,1,2026-04-27T23:12:08Z
2026-04-27T19:31:00,DSCOVR,451.3,7.98,128899,0,2026-04-27T23:12:08Z
2026-04-27T19:30:00,ACE,447.9,3.92,79359,1,2026-04-27T23:12:08Z
2026-04-27T19:30:00,DSCOVR,452.5,8.31,140914,0,2026-04-27T23:12:08Z
2026-04-27T19:29:00,ACE,458.0,4.01,92658,1,2026-04-27T23:12:08Z
2026-04-27T19:29:00,DSCOVR,448.6,7.93,128277,0,2026-04-27T23:12:08Z
2026-04-27T19:28:00,ACE,441.7,3.60,64292,1,2026-04-27T23:12:08Z
2026-04-27T19:28:00,DSCOVR,449.8,8.05,122103,0,2026-04-27T23:12:08Z
2026-04-27T19:27:00,ACE,422.8,3.37,48844,1,2026-04-27T23:12:08Z
2026-04-27T19:27:00,DSCOVR,449.8,9.17,126187,0,2026-04-27T23:12:08Z
2026-04-27T19:26:00,DSCOVR,455.6,8.16,124931,0,2026-04-27T23:12:08Z
2026-04-27T19:26:00,ACE,447.9,4.19,78350,1,2026-04-27T23:12:08Z
2026-04-27T19:25:00,ACE,449.1,3.36,81521,1,2026-04-27T23:12:08Z
2026-04-27T19:25:00,DSCOVR,467.1,7.73,167535,0,2026-04-27T23:12:08Z
2026-04-27T19:24:00,ACE,456.1,4.04,89361,1,2026-04-27T23:12:08Z
2026-04-27T19:24:00,DSCOVR,469.2,7.74,169878,0,2026-04-27T23:12:08Z
2026-04-27T19:23:00,DSCOVR,469.3,7.97,177896,0,2026-04-27T23:12:08Z
2026-04-27T19:23:00,ACE,427.7,3.12,48612,1,2026-04-27T23:12:08Z
2026-04-27T19:22:00,ACE,454.4,4.83,72758,1,2026-04-27T23:12:08Z
2026-04-27T19:22:00,DSCOVR,470.5,7.93,178372,0,2026-04-27T23:12:08Z
2026-04-27T19:21:00,ACE,459.3,4.78,103962,1,2026-04-27T23:12:08Z
2026-04-27T19:21:00,DSCOVR,469.9,7.89,173802,0,2026-04-27T23:12:08Z
2026-04-27T19:20:00,ACE,463.0,4.45,102736,1,2026-04-27T23:12:08Z
2026-04-27T19:20:00,DSCOVR,469.2,7.57,153369,0,2026-04-27T23:12:08Z
2026-04-27T19:19:00,DSCOVR,470.6,7.74,165548,0,2026-04-27T23:12:08Z
2026-04-27T19:19:00,ACE,422.8,3.13,37642,1,2026-04-27T23:12:08Z
2026-04-27T19:18:00,DSCOVR,471.1,7.83,176161,0,2026-04-27T23:12:08Z
2026-04-27T19:18:00,ACE,449.2,4.42,81778,1,2026-04-27T23:12:08Z
2026-04-27T19:17:00,DSCOVR,468.7,7.66,176984,0,2026-04-27T23:12:08Z
2026-04-27T19:17:00,ACE,454.4,4.78,80240,1,2026-04-27T23:12:08Z
2026-04-27T19:16:00,DSCOVR,464.2,8.73,177957,0,2026-04-27T23:12:08Z
2026-04-27T19:16:00,ACE,451.7,4.84,69532,1,2026-04-27T23:12:08Z
2026-04-27T19:15:00,ACE,443.2,4.45,52224,1,2026-04-27T23:12:08Z
2026-04-27T19:15:00,DSCOVR,448.0,8.21,129225,0,2026-04-27T23:12:08Z
2026-04-27T19:14:00,ACE,442.8,4.34,54476,1,2026-04-27T23:12:08Z
2026-04-27T19:14:00,DSCOVR,451.7,7.64,121332,0,2026-04-27T23:12:08Z
2026-04-27T19:13:00,ACE,448.4,4.51,69513,1,2026-04-27T23:12:08Z
2026-04-27T19:13:00,DSCOVR,469.3,7.86,173344,0,2026-04-27T23:12:08Z
2026-04-27T19:12:00,ACE,451.5,4.55,79404,1,2026-04-27T23:12:08Z
2026-04-27T19:12:00,DSCOVR,461.7,8.17,153172,0,2026-04-27T23:12:08Z
2026-04-27T19:11:00,DSCOVR,449.7,7.96,129967,0,2026-04-27T23:12:08Z
2026-04-27T19:11:00,ACE,450.7,4.62,79942,1,2026-04-27T23:12:08Z
2026-04-27T19:10:00,DSCOVR,450.1,8.69,130552,0,2026-04-27T23:12:08Z
2026-04-27T19:10:00,ACE,434.6,4.08,44649,1,2026-04-27T23:12:08Z
2026-04-27T19:09:00,DSCOVR,454.3,8.63,145382,0,2026-04-27T23:12:08Z
2026-04-27T19:09:00,ACE,436.6,3.67,47135,1,2026-04-27T23:12:08Z
2026-04-27T19:08:00,ACE,446.5,4.67,65665,1,2026-04-27T23:12:08Z
2026-04-27T19:08:00,DSCOVR,452.6,7.78,126774,0,2026-04-27T23:12:08Z
2026-04-27T19:07:00,ACE,445.7,4.65,64340,1,2026-04-27T23:12:08Z
2026-04-27T19:07:00,DSCOVR,452.0,8.12,121295,0,2026-04-27T23:12:08Z
2026-04-27T19:06:00,DSCOVR,465.2,8.21,172895,0,2026-04-27T23:12:08Z
2026-04-27T19:06:00,ACE,442.8,4.30,57458,1,2026-04-27T23:12:08Z
2026-04-27T19:05:00,ACE,0.0,4.30,0,1,2026-04-27T23:12:08Z
2026-04-27T19:05:00,DSCOVR,451.7,9.13,132644,0,2026-04-27T23:12:08Z
2026-04-27T19:04:00,ACE,451.6,5.32,75182,1,2026-04-27T23:12:08Z
2026-04-27T19:04:00,DSCOVR,453.6,9.35,129689,0,2026-04-27T23:12:08Z
2026-04-27T19:03:00,DSCOVR,455.5,9.10,133989,0,2026-04-27T23:12:08Z
2026-04-27T19:03:00,ACE,444.0,4.39,54819,1,2026-04-27T23:12:08Z
2026-04-27T19:02:00,DSCOVR,452.5,9.89,128262,0,2026-04-27T23:12:08Z
2026-04-27T19:02:00,ACE,451.2,4.89,75719,1,2026-04-27T23:12:08Z
2026-04-27T19:01:00,DSCOVR,449.7,9.09,126253,0,2026-04-27T23:12:08Z
2026-04-27T19:01:00,ACE,441.0,4.26,55285,1,2026-04-27T23:12:08Z
2026-04-27T19:00:00,DSCOVR,450.1,8.15,119094,0,2026-04-27T23:12:08Z
2026-04-27T19:00:00,ACE,435.4,3.89,43116,1,2026-04-27T23:12:08Z
2026-04-27T18:59:00,DSCOVR,465.6,7.83,154084,0,2026-04-27T23:12:08Z
2026-04-27T18:58:00,DSCOVR,466.6,8.02,171768,0,2026-04-27T23:12:08Z
2026-04-27T18:58:00,ACE,458.2,4.99,94374,1,2026-04-27T23:12:08Z
2026-04-27T18:57:00,ACE,442.3,4.00,72120,1,2026-04-27T23:12:08Z
2026-04-27T18:57:00,DSCOVR,467.3,7.89,162770,0,2026-04-27T23:12:08Z
2026-04-27T18:56:00,ACE,433.0,3.70,61747,1,2026-04-27T23:12:08Z
2026-04-27T18:56:00,DSCOVR,461.3,7.77,143933,0,2026-04-27T23:12:08Z
2026-04-27T18:55:00,DSCOVR,468.1,7.89,177269,0,2026-04-27T23:12:08Z
2026-04-27T18:55:00,ACE,462.0,4.98,113470,1,2026-04-27T23:12:08Z
2026-04-27T18:54:00,DSCOVR,459.3,7.59,127306,0,2026-04-27T23:12:08Z
2026-04-27T18:54:00,ACE,465.3,4.59,106967,1,2026-04-27T23:12:08Z
2026-04-27T18:53:00,DSCOVR,467.2,7.84,165820,0,2026-04-27T23:12:08Z
2026-04-27T18:53:00,ACE,463.9,4.11,102746,1,2026-04-27T23:12:08Z
2026-04-27T18:52:00,DSCOVR,466.4,7.81,166724,0,2026-04-27T23:12:08Z
2026-04-27T18:52:00,ACE,418.7,3.61,42502,1,2026-04-27T23:12:08Z
2026-04-27T18:51:00,ACE,445.5,4.13,58032,1,2026-04-27T23:12:08Z
2026-04-27T18:51:00,DSCOVR,468.9,7.69,154549,0,2026-04-27T23:12:08Z
2026-04-27T18:50:00,DSCOVR,456.6,8.95,141315,0,2026-04-27T23:12:08Z
2026-04-27T18:50:00,ACE,451.1,4.21,83939,1,2026-04-27T23:12:08Z
2026-04-27T18:49:00,DSCOVR,449.7,9.19,131368,0,2026-04-27T23:12:08Z
2026-04-27T18:49:00,ACE,457.2,4.64,89155,1,2026-04-27T23:12:08Z
2026-04-27T18:48:00,DSCOVR,450.3,9.13,122763,0,2026-04-27T23:12:08Z
2026-04-27T18:48:00,ACE,417.7,2.92,34579,1,2026-04-27T23:12:08Z
2026-04-27T18:47:00,ACE,446.3,4.18,69407,1,2026-04-27T23:12:08Z
2026-04-27T18:47:00,DSCOVR,449.3,9.71,137352,0,2026-04-27T23:12:08Z
2026-04-27T18:46:00,DSCOVR,449.1,9.25,127340,0,2026-04-27T23:12:08Z
2026-04-27T18:46:00,ACE,448.4,4.42,83471,1,2026-04-27T23:12:08Z
2026-04-27T18:45:00,DSCOVR,448.6,8.78,128390,0,2026-04-27T23:12:08Z
2026-04-27T18:44:00,DSCOVR,452.6,8.46,132653,0,2026-04-27T23:12:08Z
2026-04-27T18:43:00,ACE,443.9,3.91,70978,1,2026-04-27T23:12:08Z
2026-04-27T18:43:00,DSCOVR,449.0,7.34,106171,0,2026-04-27T23:12:08Z
2026-04-27T18:42:00,ACE,449.0,4.22,79825,1,2026-04-27T23:12:08Z
2026-04-27T18:42:00,DSCOVR,447.8,6.90,103028,0,2026-04-27T23:12:08Z
2026-04-27T18:41:00,DSCOVR,450.0,6.84,124453,0,2026-04-27T23:12:08Z
2026-04-27T18:41:00,ACE,451.5,4.57,85246,1,2026-04-27T23:12:08Z
2026-04-27T18:40:00,ACE,450.6,4.46,77734,1,2026-04-27T23:12:08Z
2026-04-27T18:40:00,DSCOVR,468.5,7.79,179788,0,2026-04-27T23:12:08Z
2026-04-27T18:39:00,ACE,454.4,4.47,72497,1,2026-04-27T23:12:08Z
2026-04-27T18:39:00,DSCOVR,469.2,7.77,174538,0,2026-04-27T23:12:08Z
2026-04-27T18:38:00,ACE,456.4,4.71,79045,1,2026-04-27T23:12:08Z
2026-04-27T18:38:00,DSCOVR,456.7,8.46,136279,0,2026-04-27T23:12:08Z
2026-04-27T18:37:00,ACE,457.2,4.62,75089,1,2026-04-27T23:12:08Z
2026-04-27T18:37:00,DSCOVR,452.3,7.82,118488,0,2026-04-27T23:12:08Z
2026-04-27T18:36:00,ACE,458.5,4.80,70083,1,2026-04-27T23:12:08Z
2026-04-27T18:36:00,DSCOVR,465.8,7.92,181422,0,2026-04-27T23:12:08Z
2026-04-27T18:35:00,DSCOVR,471.0,7.69,166629,0,2026-04-27T23:12:08Z
2026-04-27T18:35:00,ACE,458.5,4.67,72271,1,2026-04-27T23:12:08Z
2026-04-27T18:34:00,ACE,455.0,4.76,83649,1,2026-04-27T23:12:08Z
2026-04-27T18:34:00,DSCOVR,471.5,8.02,172456,0,2026-04-27T23:12:08Z
2026-04-27T18:33:00,ACE,455.3,4.54,87449,1,2026-04-27T23:12:08Z
2026-04-27T18:33:00,DSCOVR,471.4,7.78,177116,0,2026-04-27T23:12:08Z
2026-04-27T18:32:00,DSCOVR,471.4,7.62,175025,0,2026-04-27T23:12:08Z
2026-04-27T18:32:00,ACE,455.6,4.83,87364,1,2026-04-27T23:12:08Z
2026-04-27T18:31:00,ACE,455.0,4.77,81223,1,2026-04-27T23:12:08Z
2026-04-27T18:31:00,DSCOVR,467.7,7.69,166975,0,2026-04-27T23:12:08Z
2026-04-27T18:30:00,ACE,456.6,4.84,82649,1,2026-04-27T23:12:08Z
2026-04-27T18:30:00,DSCOVR,448.1,6.74,106256,0,2026-04-27T23:12:08Z
2026-04-27T18:29:00,ACE,457.1,4.86,83455,1,2026-04-27T23:12:08Z
2026-04-27T18:29:00,DSCOVR,443.4,7.56,122456,0,2026-04-27T23:12:08Z
2026-04-27T18:28:00,DSCOVR,445.2,7.15,123807,0,2026-04-27T23:12:08Z
2026-04-27T18:28:00,ACE,457.2,4.46,72820,1,2026-04-27T23:12:08Z
2026-04-27T18:27:00,ACE,457.8,4.51,71173,1,2026-04-27T23:12:08Z
2026-04-27T18:27:00,DSCOVR,448.9,8.72,136451,0,2026-04-27T23:12:08Z
2026-04-27T18:26:00,ACE,0.0,0.00,0,1,2026-04-27T23:12:08Z
2026-04-27T18:26:00,DSCOVR,450.2,9.27,138453,0,2026-04-27T23:12:08Z
2026-04-27T18:25:00,ACE,0.0,0.00,0,1,2026-04-27T23:12:08Z
2026-04-27T18:25:00,DSCOVR,450.2,9.72,141644,0,2026-04-27T23:12:08Z
2026-04-27T18:24:00,DSCOVR,453.3,8.82,133028,0,2026-04-27T23:12:08Z
2026-04-27T18:24:00,ACE,453.2,4.07,76140,1,2026-04-27T23:12:08Z
2026-04-27T18:23:00,DSCOVR,452.9,8.80,137043,0,2026-04-27T23:12:08Z
2026-04-27T18:23:00,ACE,449.5,4.05,74467,1,2026-04-27T23:12:08Z
2026-04-27T18:22:00,DSCOVR,448.4,8.58,126432,0,2026-04-27T23:12:08Z
2026-04-27T18:22:00,ACE,449.1,3.97,72915,1,2026-04-27T23:12:08Z
2026-04-27T18:21:00,ACE,448.3,4.11,71020,1,2026-04-27T23:12:08Z
2026-04-27T18:21:00,DSCOVR,449.6,7.60,112102,0,2026-04-27T23:12:08Z
2026-04-27T18:20:00,ACE,449.1,3.77,84207,1,2026-04-27T23:12:08Z
2026-04-27T18:20:00,DSCOVR,450.8,7.59,109742,0,2026-04-27T23:12:08Z
2026-04-27T18:19:00,DSCOVR,470.0,7.73,173735,0,2026-04-27T23:12:08Z
2026-04-27T18:19:00,ACE,450.2,4.13,80741,1,2026-04-27T23:12:08Z
2026-04-27T18:18:00,DSCOVR,472.6,7.59,153570,0,2026-04-27T23:12:08Z
2026-04-27T18:18:00,ACE,447.9,4.14,71135,1,2026-04-27T23:12:08Z
2026-04-27T18:17:00,DSCOVR,465.8,8.11,164513,0,2026-04-27T23:12:08Z
2026-04-27T18:17:00,ACE,446.5,4.07,67915,1,2026-04-27T23:12:08Z
2026-04-27T18:16:00,DSCOVR,458.9,7.93,137467,0,2026-04-27T23:12:08Z
2026-04-27T18:16:00,ACE,450.1,3.78,70297,1,2026-04-27T23:12:08Z
2026-04-27T18:15:00,ACE,450.6,3.74,70574,1,2026-04-27T23:12:08Z
2026-04-27T18:15:00,DSCOVR,455.1,9.00,146199,0,2026-04-27T23:12:08Z
2026-04-27T18:14:00,DSCOVR,451.0,8.73,130978,0,2026-04-27T23:12:08Z
2026-04-27T18:13:00,ACE,451.6,4.27,68259,1,2026-04-27T23:12:08Z
2026-04-27T18:13:00,DSCOVR,450.0,6.81,110926,0,2026-04-27T23:12:08Z
2026-04-27T18:12:00,ACE,454.1,4.40,73951,1,2026-04-27T23:12:08Z
2026-04-27T18:12:00,DSCOVR,443.2,6.68,123270,0,2026-04-27T23:12:08Z
2026-04-27T18:11:00,DSCOVR,441.8,6.49,121615,0,2026-04-27T23:12:08Z
2026-04-27T18:11:00,ACE,453.1,4.37,75837,1,2026-04-27T23:12:08Z
2026-04-27T18:10:00,DSCOVR,442.6,6.64,123589,0,2026-04-27T23:12:08Z
2026-04-27T18:10:00,ACE,447.9,4.16,72476,1,2026-04-27T23:12:08Z
2026-04-27T18:09:00,ACE,445.7,4.17,72699,1,2026-04-27T23:12:08Z
2026-04-27T18:09:00,DSCOVR,447.9,7.53,128988,0,2026-04-27T23:12:08Z
2026-04-27T18:08:00,ACE,446.5,4.23,75438,1,2026-04-27T23:12:08Z
2026-04-27T18:08:00,DSCOVR,448.4,9.24,144871,0,2026-04-27T23:12:08Z
2026-04-27T18:07:00,DSCOVR,450.3,9.02,143289,0,2026-04-27T23:12:08Z
2026-04-27T18:07:00,ACE,446.2,4.30,74712,1,2026-04-27T23:12:08Z
2026-04-27T18:06:00,DSCOVR,450.4,9.29,141074,0,2026-04-27T23:12:08Z
2026-04-27T18:06:00,ACE,448.5,4.89,74491,1,2026-04-27T23:12:08Z
2026-04-27T18:05:00,DSCOVR,451.8,8.48,135699,0,2026-04-27T23:12:08Z
2026-04-27T18:05:00,ACE,445.8,4.44,75208,1,2026-04-27T23:12:08Z
2026-04-27T18:04:00,DSCOVR,451.7,7.84,131355,0,2026-04-27T23:12:08Z
2026-04-27T18:04:00,ACE,446.0,4.95,76857,1,2026-04-27T23:12:08Z
2026-04-27T18:03:00,DSCOVR,451.8,7.89,141471,0,2026-04-27T23:12:08Z
2026-04-27T18:03:00,ACE,439.4,4.44,76746,1,2026-04-27T23:12:08Z
2026-04-27T18:02:00,DSCOVR,455.7,7.71,136804,0,2026-04-27T23:12:08Z
2026-04-27T18:02:00,ACE,448.1,4.08,77886,1,2026-04-27T23:12:08Z
2026-04-27T18:01:00,DSCOVR,451.6,8.75,147748,0,2026-04-27T23:12:08Z
2026-04-27T18:01:00,ACE,451.6,4.44,80967,1,2026-04-27T23:12:08Z
2026-04-27T18:00:00,ACE,451.7,4.45,81073,1,2026-04-27T23:12:08Z
2026-04-27T18:00:00,DSCOVR,450.4,7.80,129745,0,2026-04-27T23:12:08Z
2026-04-27T17:59:00,DSCOVR,452.7,8.49,142288,0,2026-04-27T23:12:08Z
2026-04-27T17:58:00,DSCOVR,448.8,7.75,129577,0,2026-04-27T23:12:08Z
2026-04-27T17:58:00,ACE,448.9,3.99,69766,1,2026-04-27T23:12:08Z
2026-04-27T17:57:00,DSCOVR,451.2,6.54,100647,0,2026-04-27T23:12:08Z
2026-04-27T17:57:00,ACE,451.0,4.14,72454,1,2026-04-27T23:12:08Z
2026-04-27T17:56:00,ACE,452.0,4.30,72182,1,2026-04-27T23:12:08Z
2026-04-27T17:56:00,DSCOVR,453.8,6.85,106787,0,2026-04-27T23:12:08Z
2026-04-27T17:55:00,DSCOVR,451.5,6.55,103002,0,2026-04-27T23:12:08Z
2026-04-27T17:55:00,ACE,451.5,4.33,71419,1,2026-04-27T23:12:08Z
2026-04-27T17:54:00,DSCOVR,448.3,6.97,126839,0,2026-04-27T23:12:08Z
2026-04-27T17:54:00,ACE,451.2,4.31,71440,1,2026-04-27T23:12:08Z
2026-04-27T17:53:00,DSCOVR,447.2,8.35,140105,0,2026-04-27T23:12:08Z
2026-04-27T17:53:00,ACE,0.0,0.00,0,1,2026-04-27T23:12:08Z
2026-04-27T17:52:00,ACE,0.0,0.00,0,1,2026-04-27T23:12:08Z
2026-04-27T17:52:00,DSCOVR,453.6,8.04,131342,0,2026-04-27T23:12:08Z
2026-04-27T17:51:00,ACE,452.3,4.28,77131,1,2026-04-27T23:12:08Z
2026-04-27T17:51:00,DSCOVR,456.4,9.15,149223,0,2026-04-27T23:12:08Z
2026-04-27T17:50:00,ACE,451.4,4.18,71001,1,2026-04-27T23:12:08Z
2026-04-27T17:50:00,DSCOVR,453.6,8.91,147315,0,2026-04-27T23:12:08Z
2026-04-27T17:49:00,ACE,450.6,3.70,76261,1,2026-04-27T23:12:08Z
2026-04-27T17:49:00,DSCOVR,453.0,7.76,125794,0,2026-04-27T23:12:08Z
2026-04-27T17:48:00,ACE,451.4,4.43,70539,1,2026-04-27T23:12:08Z
2026-04-27T17:48:00,DSCOVR,461.7,7.92,158309,0,2026-04-27T23:12:08Z
2026-04-27T17:47:00,ACE,453.1,4.27,78007,1,2026-04-27T23:12:08Z
2026-04-27T17:47:00,DSCOVR,465.3,7.44,154149,0,2026-04-27T23:12:08Z
2026-04-27T17:46:00,DSCOVR,469.7,7.72,181815,0,2026-04-27T23:12:08Z
2026-04-27T17:46:00,ACE,451.7,4.50,82134,1,2026-04-27T23:12:08Z
2026-04-27T17:45:00,DSCOVR,460.2,7.46,136887,0,2026-04-27T23:12:08Z
2026-04-27T17:45:00,ACE,450.5,3.99,84862,1,2026-04-27T23:12:08Z
2026-04-27T17:44:00,DSCOVR,448.0,8.69,137309,0,2026-04-27T23:12:08Z
2026-04-27T17:44:00,ACE,452.8,4.55,73676,1,2026-04-27T23:12:08Z
2026-04-27T17:43:00,DSCOVR,448.4,9.04,141548,0,2026-04-27T23:12:08Z
2026-04-27T17:43:00,ACE,453.1,4.62,72423,1,2026-04-27T23:12:08Z
2026-04-27T17:42:00,ACE,453.6,4.26,76393,1,2026-04-27T23:12:08Z
2026-04-27T17:42:00,DSCOVR,454.0,9.37,162141,0,2026-04-27T23:12:08Z
2026-04-27T17:41:00,DSCOVR,452.7,9.28,138867,0,2026-04-27T23:12:08Z
2026-04-27T17:41:00,ACE,453.5,3.97,75153,1,2026-04-27T23:12:08Z
2026-04-27T17:40:00,ACE,456.4,4.28,77161,1,2026-04-27T23:12:08Z
2026-04-27T17:40:00,DSCOVR,453.9,8.97,141297,0,2026-04-27T23:12:08Z
2026-04-27T17:39:00,DSCOVR,453.7,7.85,131787,0,2026-04-27T23:12:08Z
2026-04-27T17:39:00,ACE,449.6,4.19,73749,1,2026-04-27T23:12:08Z
2026-04-27T17:38:00,DSCOVR,461.5,7.50,148661,0,2026-04-27T23:12:08Z
2026-04-27T17:38:00,ACE,443.1,4.01,70114,1,2026-04-27T23:12:08Z
2026-04-27T17:37:00,ACE,443.5,4.06,69907,1,2026-04-27T23:12:08Z
2026-04-27T17:37:00,DSCOVR,470.7,7.59,180105,0,2026-04-27T23:12:08Z
2026-04-27T17:36:00,ACE,442.8,4.15,70123,1,2026-04-27T23:12:08Z
2026-04-27T17:36:00,DSCOVR,471.2,7.38,167393,0,2026-04-27T23:12:08Z
2026-04-27T17:35:00,ACE,438.8,4.33,74124,1,2026-04-27T23:12:08Z
2026-04-27T17:35:00,DSCOVR,472.8,7.77,171670,0,2026-04-27T23:12:08Z
2026-04-27T17:34:00,DSCOVR,471.8,7.55,158428,0,2026-04-27T23:12:08Z
2026-04-27T17:34:00,ACE,434.7,4.35,83842,1,2026-04-27T23:12:08Z
2026-04-27T17:33:00,ACE,433.7,4.50,86568,1,2026-04-27T23:12:08Z
2026-04-27T17:33:00,DSCOVR,472.1,7.53,168727,0,2026-04-27T23:12:08Z
2026-04-27T17:32:00,ACE,431.7,4.43,80830,1,2026-04-27T23:12:08Z
2026-04-27T17:32:00,DSCOVR,472.8,7.60,171213,0,2026-04-27T23:12:08Z
2026-04-27T17:31:00,ACE,432.6,4.30,83201,1,2026-04-27T23:12:08Z
2026-04-27T17:31:00,DSCOVR,472.9,7.47,160205,0,2026-04-27T23:12:08Z
2026-04-27T17:30:00,ACE,432.1,4.28,82675,1,2026-04-27T23:12:08Z
2026-04-27T17:30:00,DSCOVR,472.7,7.27,141701,0,2026-04-27T23:12:08Z
2026-04-27T17:29:00,ACE,433.7,4.55,85448,1,2026-04-27T23:12:08Z
2026-04-27T17:29:00,DSCOVR,472.7,7.54,157306,0,2026-04-27T23:12:08Z
2026-04-27T17:28:00,DSCOVR,472.9,7.45,156300,0,2026-04-27T23:12:08Z
2026-04-27T17:28:00,ACE,433.8,4.56,85544,1,2026-04-27T23:12:08Z
2026-04-27T17:27:00,DSCOVR,473.5,7.58,158599,0,2026-04-27T23:12:08Z
2026-04-27T17:27:00,ACE,435.7,4.31,87272,1,2026-04-27T23:12:08Z
2026-04-27T17:26:00,DSCOVR,474.1,7.32,158943,0,2026-04-27T23:12:08Z
2026-04-27T17:26:00,ACE,437.3,4.28,79932,1,2026-04-27T23:12:08Z
2026-04-27T17:25:00,ACE,438.3,4.41,80301,1,2026-04-27T23:12:08Z
2026-04-27T17:25:00,DSCOVR,472.4,7.54,169232,0,2026-04-27T23:12:08Z
2026-04-27T17:24:00,ACE,436.3,4.23,82473,1,2026-04-27T23:12:08Z
2026-04-27T17:24:00,DSCOVR,472.2,7.61,172909,0,2026-04-27T23:12:08Z
2026-04-27T17:23:00,DSCOVR,470.9,7.48,173995,0,2026-04-27T23:12:08Z
2026-04-27T17:23:00,ACE,436.5,3.91,77586,1,2026-04-27T23:12:08Z
2026-04-27T17:22:00,DSCOVR,471.0,7.52,157382,0,2026-04-27T23:12:08Z
2026-04-27T17:22:00,ACE,436.7,4.00,75940,1,2026-04-27T23:12:08Z
2026-04-27T17:21:00,DSCOVR,471.4,7.55,168064,0,2026-04-27T23:12:08Z
2026-04-27T17:21:00,ACE,435.8,4.25,78489,1,2026-04-27T23:12:08Z
2026-04-27T17:20:00,DSCOVR,472.9,7.46,161719,0,2026-04-27T23:12:08Z
2026-04-27T17:20:00,ACE,0.0,0.00,0,1,2026-04-27T23:12:08Z
2026-04-27T17:19:00,DSCOVR,461.9,7.86,147207,0,2026-04-27T23:12:08Z
2026-04-27T17:19:00,ACE,0.0,0.00,0,1,2026-04-27T23:12:08Z
2026-04-27T17:18:00,DSCOVR,446.8,7.07,126320,0,2026-04-27T23:12:08Z
2026-04-27T17:18:00,ACE,438.3,4.02,77537,1,2026-04-27T23:12:08Z
2026-04-27T17:17:00,ACE,438.5,4.52,78269,1,2026-04-27T23:12:08Z
2026-04-27T17:17:00,DSCOVR,447.9,7.27,125571,0,2026-04-27T23:12:08Z
2026-04-27T17:16:00,DSCOVR,446.1,7.03,126918,0,2026-04-27T23:12:08Z
2026-04-27T17:16:00,ACE,437.9,4.45,78451,1,2026-04-27T23:12:08Z
2026-04-27T17:15:00,ACE,436.8,4.48,85180,1,2026-04-27T23:12:08Z
2026-04-27T17:15:00,DSCOVR,445.6,7.00,127233,0,2026-04-27T23:12:08Z
2026-04-27T17:14:00,DSCOVR,445.7,7.16,123391,0,2026-04-27T23:12:08Z
2026-04-27T17:14:00,ACE,436.6,4.12,80816,1,2026-04-27T23:12:08Z
2026-04-27T17:13:00,DSCOVR,447.2,7.33,121530,0,2026-04-27T23:12:08Z
2026-04-27T17:13:00,ACE,0.0,4.12,0,1,2026-04-27T23:12:08Z
2026-04-27T17:12:00,DSCOVR,447.2,7.20,123027,0,2026-04-27T23:12:08Z
2026-04-27T17:12:00,ACE,435.9,4.37,86308,1,2026-04-27T23:12:08Z
2026-04-27T17:11:00,DSCOVR,446.6,7.22,127142,0,2026-04-27T23:12:08Z
2026-04-27T17:11:00,ACE,435.0,4.25,82427,1,2026-04-27T23:12:08Z
2026-04-27T17:10:00,ACE,437.6,4.23,80270,1,2026-04-27T23:12:08Z
2026-04-27T17:10:00,DSCOVR,444.4,6.95,118057,0,2026-04-27T23:12:08Z
2026-04-27T17:09:00,DSCOVR,443.6,7.09,118956,0,2026-04-27T23:12:08Z
2026-04-27T17:09:00,ACE,436.5,4.22,80920,1,2026-04-27T23:12:08Z
2026-04-27T17:08:00,DSCOVR,444.8,7.26,122147,0,2026-04-27T23:12:08Z
2026-04-27T17:08:00,ACE,435.0,4.50,84464,1,2026-04-27T23:12:08Z
2026-04-27T17:07:00,ACE,434.2,4.62,84676,1,2026-04-27T23:12:08Z
2026-04-27T17:07:00,DSCOVR,444.1,6.93,124043,0,2026-04-27T23:12:08Z
