date,rank,article,views,captured_at
2026-04-26,3,Nahui_Ollin,810725,2026-04-27T22:58:43Z
2026-04-26,4,Michael_(2026_film),350796,2026-04-27T22:58:43Z
2026-04-26,5,Michael_Jackson,339354,2026-04-27T22:58:43Z
2026-04-26,7,Jaafar_Jackson,245752,2026-04-27T22:58:43Z
2026-04-26,8,Apex_(2026_film),236751,2026-04-27T22:58:43Z
2026-04-26,9,.xxx,212053,2026-04-27T22:58:43Z
2026-04-26,10,Sabastian_Sawe,207366,2026-04-27T22:58:43Z
2026-04-26,11,Weijia_Jiang,161890,2026-04-27T22:58:43Z
2026-04-26,12,Attempted_assassination_of_Donald_Trump_in_Pennsylvania,161582,2026-04-27T22:58:43Z
2026-04-26,13,Diego_Pavia,144974,2026-04-27T22:58:43Z
2026-04-26,14,2026_White_House_Correspondents'_dinner_shooting,133935,2026-04-27T22:58:43Z
2026-04-26,15,Jermaine_Jackson,130064,2026-04-27T22:58:43Z
2026-04-26,18,Dhurandhar:_The_Revenge,112922,2026-04-27T22:58:43Z
2026-04-26,20,Hulk_Hogan,108428,2026-04-27T22:58:43Z
2026-04-26,21,Katherine_Jackson,104007,2026-04-27T22:58:43Z
2026-04-26,22,Charlize_Theron,103890,2026-04-27T22:58:43Z
2026-04-26,23,Donald_Trump,102254,2026-04-27T22:58:43Z
2026-04-26,24,2026_West_Bengal_Legislative_Assembly_election,101665,2026-04-27T22:58:43Z
2026-04-26,25,Ayo_Dosunmu,100521,2026-04-27T22:58:43Z
2026-04-26,26,Security_incidents_involving_Donald_Trump,100237,2026-04-27T22:58:43Z
2026-04-26,27,Joe_Jackson_(talent_manager),94286,2026-04-27T22:58:43Z
2026-04-26,28,Project_Hail_Mary_(film),89030,2026-04-27T22:58:43Z
2026-04-26,29,Taron_Egerton,86615,2026-04-27T22:58:43Z
2026-04-26,30,Kash_Patel,84483,2026-04-27T22:58:43Z
2026-04-26,31,Marathon_world_record_progression,83452,2026-04-27T22:58:43Z
2026-04-26,32,ChatGPT,82985,2026-04-27T22:58:43Z
2026-04-26,33,2026_NFL_draft,82909,2026-04-27T22:58:43Z
2026-04-26,34,Kelvin_Kiptum,82594,2026-04-27T22:58:43Z
2026-04-26,35,Jackson_family,82037,2026-04-27T22:58:43Z
2026-04-26,36,Chernobyl_disaster,81604,2026-04-27T22:58:43Z
2026-04-26,37,"Neatsville,_Kentucky",79082,2026-04-27T22:58:43Z
2026-04-26,38,Electric_on_the_Eel,78555,2026-04-27T22:58:43Z
2026-04-26,39,White_House_Correspondents'_Association,75727,2026-04-27T22:58:43Z
2026-04-26,40,Thomas_Crooks,75688,2026-04-27T22:58:43Z
2026-04-26,41,Debbie_Rowe,73902,2026-04-27T22:58:43Z
2026-04-26,42,2026_Tamil_Nadu_Legislative_Assembly_election,70900,2026-04-27T22:58:43Z
2026-04-26,43,Beef_(TV_series),69688,2026-04-27T22:58:43Z
2026-04-26,44,Bhooth_Bangla,68149,2026-04-27T22:58:43Z
2026-04-26,45,Eli_Heidenreich,66802,2026-04-27T22:58:43Z
2026-04-26,46,Paris_Jackson,66329,2026-04-27T22:58:43Z
2026-04-26,47,Zara_Larsson,65631,2026-04-27T22:58:43Z
2026-04-26,48,Marty_Supreme,65355,2026-04-27T22:58:43Z
2026-04-26,50,Klay_Thompson,61670,2026-04-27T22:58:43Z
2026-04-26,51,Randy_Jackson_(Jacksons_singer),61614,2026-04-27T22:58:43Z
2026-04-26,52,Jacqui_Heinrich,61344,2026-04-27T22:58:43Z
2026-04-26,53,Unchosen,61276,2026-04-27T22:58:43Z
2026-04-26,54,Content_management_system,60869,2026-04-27T22:58:43Z
2026-04-26,55,Euphoria_(American_TV_series),60212,2026-04-27T22:58:43Z
2026-04-26,56,Janet_Jackson,59898,2026-04-27T22:58:43Z
2026-04-26,57,UFC_Fight_Night:_Sterling_vs._Zalal,57362,2026-04-27T22:58:43Z
2026-04-26,58,Yukio_Mishima,57331,2026-04-27T22:58:43Z
2026-04-26,59,Uar_Bernard,57124,2026-04-27T22:58:43Z
2026-04-26,60,Tito_Jackson,55181,2026-04-27T22:58:43Z
2026-04-26,61,Nelly_Korda,54206,2026-04-27T22:58:43Z
2026-04-26,62,Limonene,53729,2026-04-27T22:58:43Z
2026-04-26,63,Anna's_Archive,52482,2026-04-27T22:58:43Z
2026-04-26,64,Yomif_Kejelcha,52225,2026-04-27T22:58:43Z
2026-04-26,65,Lisa_Marie_Presley,52026,2026-04-27T22:58:43Z
2026-04-26,66,2026_White_House_Correspondents'_Dinner_shooting,51138,2026-04-27T22:58:43Z
2026-04-26,67,Liz_Conmy,51041,2026-04-27T22:58:43Z
2026-04-26,68,Megan_Thee_Stallion,49036,2026-04-27T22:58:43Z
2026-04-26,69,Death_of_Michael_Jackson,48098,2026-04-27T22:58:43Z
2026-04-26,70,Raghav_Chadha,46606,2026-04-27T22:58:43Z
2026-04-26,71,Brian_Fitzpatrick_(American_politician),46495,2026-04-27T22:58:43Z
2026-04-26,72,2026_World_Snooker_Championship,46366,2026-04-27T22:58:43Z
2026-04-26,73,Anne_Hathaway,45743,2026-04-27T22:58:43Z
2026-04-26,74,2026_Iran_war,45109,2026-04-27T22:58:43Z
2026-04-26,75,La_Toya_Jackson,44677,2026-04-27T22:58:43Z
2026-04-26,76,Ben_Sasse,44028,2026-04-27T22:58:43Z
2026-04-26,77,D4vd,43960,2026-04-27T22:58:43Z
2026-04-26,78,The_Super_Mario_Galaxy_Movie,43449,2026-04-27T22:58:43Z
2026-04-26,79,Oz_Pearlman,43296,2026-04-27T22:58:43Z
2026-04-26,80,The_Jackson_5,43287,2026-04-27T22:58:43Z
2026-04-26,81,Neapolitan_ragù,43219,2026-04-27T22:58:43Z
2026-04-26,82,Attempted_assassination_of_Ronald_Reagan,43173,2026-04-27T22:58:43Z
2026-04-26,83,Karoline_Leavitt,42984,2026-04-27T22:58:43Z
2026-04-26,84,Rebbie_Jackson,42816,2026-04-27T22:58:43Z
2026-04-26,85,Jordan_Lynch,42810,2026-04-27T22:58:43Z
2026-04-26,86,Calum_McFarlane,42754,2026-04-27T22:58:43Z
2026-04-26,87,From_(TV_series),42560,2026-04-27T22:58:43Z
2026-04-26,88,Alex_Cora,42301,2026-04-27T22:58:43Z
2026-04-26,89,Jackie_Jackson,41575,2026-04-27T22:58:43Z
2026-04-26,90,London_Marathon,41481,2026-04-27T22:58:43Z
2026-04-26,91,The_Devil_Wears_Prada_(film),41242,2026-04-27T22:58:43Z
2026-04-26,92,Jeanine_Pirro,40667,2026-04-27T22:58:43Z
2026-04-26,93,Lee_Cronin's_The_Mummy,40587,2026-04-27T22:58:43Z
2026-04-26,94,Half_Man_(TV_series),40088,2026-04-27T22:58:43Z
2026-04-26,95,Joe_Jackson_(manager),40032,2026-04-27T22:58:43Z
2026-04-26,96,Ansel_Adams,39989,2026-04-27T22:58:43Z
2026-04-26,97,The_Devil_Wears_Prada_2,39277,2026-04-27T22:58:43Z
2026-04-26,98,Marty_Reisman,38693,2026-04-27T22:58:43Z
2026-04-26,99,The_Boys_season_5,38463,2026-04-27T22:58:43Z
2026-04-26,100,The_Boys_(TV_series),38260,2026-04-27T22:58:43Z
2026-04-26,101,David_Wilcock,37575,2026-04-27T22:58:43Z
2026-04-26,102,The_Pitt,37326,2026-04-27T22:58:43Z
2026-04-26,103,Running_Point,37311,2026-04-27T22:58:43Z
2026-04-26,104,Stanley_Tucci,37231,2026-04-27T22:58:43Z
2026-04-26,105,XXX_(film_series),36819,2026-04-27T22:58:43Z
2026-04-26,106,Marlon_Jackson,36657,2026-04-27T22:58:43Z
2026-04-26,107,Instagram,36300,2026-04-27T22:58:43Z
2026-04-26,108,Colman_Domingo,35600,2026-04-27T22:58:43Z
2026-04-26,109,2026_FIFA_World_Cup,35454,2026-04-27T22:58:43Z
2026-04-26,110,If_Wishes_Could_Kill,35012,2026-04-27T22:58:43Z
2026-04-26,111,Dick_and_Jane,34690,2026-04-27T22:58:43Z
2026-04-26,112,Melania_Trump,34625,2026-04-27T22:58:43Z
2026-04-26,113,Brooke_Hogan,34176,2026-04-27T22:58:43Z
2026-04-26,114,Freddie_Mercury,34091,2026-04-27T22:58:43Z
2026-04-26,115,Eliud_Kipchoge,34064,2026-04-27T22:58:43Z
2026-04-26,116,2026_in_film,34057,2026-04-27T22:58:43Z
2026-04-26,117,John_Hinckley_Jr.,33886,2026-04-27T22:58:43Z
2026-04-26,118,Fernando_Mendoza,33851,2026-04-27T22:58:43Z
2026-04-26,119,John_Branca,32773,2026-04-27T22:58:43Z
2026-04-26,120,Russian_war_crimes,32507,2026-04-27T22:58:43Z
2026-04-26,121,Vaibhav_Sooryavanshi,32447,2026-04-27T22:58:43Z
2026-04-26,122,Perfect_Crown,32358,2026-04-27T22:58:43Z
2026-04-26,123,Victor_Wembanyama,32349,2026-04-27T22:58:43Z
2026-04-26,124,Charlie_Kirk,32301,2026-04-27T22:58:43Z
2026-04-26,125,NBC_Sports,31660,2026-04-27T22:58:43Z
2026-04-26,126,1993_Michael_Jackson_sexual_abuse_allegations,31398,2026-04-27T22:58:43Z
2026-04-26,127,Erika_Kirk,31278,2026-04-27T22:58:43Z
2026-04-26,128,Thriller_(album),31159,2026-04-27T22:58:43Z
2026-04-26,129,Kate_Hudson,30763,2026-04-27T22:58:43Z
2026-04-26,131,Sydney_Sweeney,30723,2026-04-27T22:58:43Z
2026-04-26,132,Todd_Blanche,30451,2026-04-27T22:58:43Z
2026-04-26,133,Laura_Harrier,30426,2026-04-27T22:58:43Z
2026-04-26,134,2026_Thomas_&_Uber_Cup,30378,2026-04-27T22:58:43Z
2026-04-26,135,The_Drama_(film),30303,2026-04-27T22:58:43Z
2026-04-26,136,Aljamain_Sterling,29253,2026-04-27T22:58:43Z
2026-04-26,137,JD_Vance,29235,2026-04-27T22:58:43Z
2026-04-26,138,Mother_Mary_(2026_film),29119,2026-04-27T22:58:43Z
2026-04-26,139,Wikipedia,29078,2026-04-27T22:58:43Z
2026-04-26,140,Ratan_Khatri,29074,2026-04-27T22:58:43Z
2026-04-26,141,Carson_Hocevar,29032,2026-04-27T22:58:43Z
2026-04-26,142,YouTube,28939,2026-04-27T22:58:43Z
2026-04-26,143,Cleopatra,28923,2026-04-27T22:58:43Z
2026-04-26,144,Killing_of_Celeste_Rivas_Hernandez,28802,2026-04-27T22:58:43Z
2026-04-26,145,Zendaya,28370,2026-04-27T22:58:43Z
2026-04-26,146,United_States,28216,2026-04-27T22:58:43Z
2026-04-26,147,Ella_Langley,28028,2026-04-27T22:58:43Z
2026-04-26,148,Conrad_Murray,27793,2026-04-27T22:58:43Z
2026-04-26,149,Alexis_Wilkins,27779,2026-04-27T22:58:43Z
2026-04-26,150,Matka_King,27460,2026-04-27T22:58:43Z
2026-04-26,151,Marathon,27458,2026-04-27T22:58:43Z
2026-04-26,152,Mali,27392,2026-04-27T22:58:43Z
2026-04-26,153,28_Years_Later:_The_Bone_Temple,26960,2026-04-27T22:58:43Z
2026-04-26,154,Washington_Hilton,26951,2026-04-27T22:58:43Z
2026-04-26,155,Russell_Brand,26950,2026-04-27T22:58:43Z
2026-04-26,156,Emily_Blunt,26921,2026-04-27T22:58:43Z
2026-04-26,157,Youth_(2026_film),26909,2026-04-27T22:58:43Z
2026-04-26,158,Happy_Raj,26845,2026-04-27T22:58:43Z
2026-04-26,159,Invincible_(TV_series),26540,2026-04-27T22:58:43Z
2026-04-26,160,2026_elections_in_India,26532,2026-04-27T22:58:43Z
2026-04-26,161,Eric_Bana,26308,2026-04-27T22:58:43Z
2026-04-26,162,.xyz,26293,2026-04-27T22:58:43Z
2026-04-26,163,Noah_Kahan,26191,2026-04-27T22:58:43Z
2026-04-26,164,Assassination_of_Charlie_Kirk,26130,2026-04-27T22:58:43Z
2026-04-26,165,Spider-Noir,25941,2026-04-27T22:58:43Z
2026-04-26,166,Anže_Kopitar,25886,2026-04-27T22:58:43Z
2026-04-26,167,Project_Hail_Mary,25818,2026-04-27T22:58:43Z
2026-04-26,168,Wolf_Blitzer,25744,2026-04-27T22:58:43Z
2026-04-26,169,Fra_Fee,25406,2026-04-27T22:58:43Z
2026-04-26,170,The_Cage_(TV_series),25395,2026-04-27T22:58:43Z
2026-04-26,171,LeBron_James,25264,2026-04-27T22:58:43Z
2026-04-26,172,2026_London_Marathon,25103,2026-04-27T22:58:43Z
2026-04-26,173,Meryl_Streep,25024,2026-04-27T22:58:43Z
2026-04-26,174,Neverland_Ranch,24774,2026-04-27T22:58:43Z
2026-04-26,175,Health_and_appearance_of_Michael_Jackson,24544,2026-04-27T22:58:43Z
2026-04-26,176,Hunter_Schafer,24391,2026-04-27T22:58:43Z
2026-04-26,177,Ronald_Reagan,24367,2026-04-27T22:58:43Z
2026-04-26,178,Molly_Windsor,24244,2026-04-27T22:58:43Z
2026-04-26,179,Attempted_assassination_of_Donald_Trump_in_Florida,24192,2026-04-27T22:58:43Z
2026-04-26,180,Ausaf_Umar_Siddiqui,24142,2026-04-27T22:58:43Z
2026-04-26,181,Wordle,24086,2026-04-27T22:58:43Z
2026-04-26,182,Jeff_Bezos,24002,2026-04-27T22:58:43Z
2026-04-26,183,Michael_Socha,23903,2026-04-27T22:58:43Z
2026-04-26,184,Vaazha_II:_Biopic_of_a_Billion_Bros,23874,2026-04-27T22:58:43Z
2026-04-26,185,Robert_F._Kennedy_Jr.,23663,2026-04-27T22:58:43Z
2026-04-26,186,Tyson_Fury,23661,2026-04-27T22:58:43Z
2026-04-26,187,2021_West_Bengal_Legislative_Assembly_election,23628,2026-04-27T22:58:43Z
2026-04-26,188,Ryan_Gosling,23418,2026-04-27T22:58:43Z
2026-04-26,189,2026_Mali_attacks,23340,2026-04-27T22:58:43Z
2026-04-26,190,Kacey_Musgraves,23228,2026-04-27T22:58:43Z
2026-04-26,191,Antoine_Fuqua,23223,2026-04-27T22:58:43Z
2026-04-26,192,Cheryl_Hines,23101,2026-04-27T22:58:43Z
2026-04-26,193,The_Housemaid_(2025_film),23005,2026-04-27T22:58:43Z
2026-04-26,194,Asa_Butterfield,22913,2026-04-27T22:58:43Z
2026-04-26,195,Clayface_(film),22734,2026-04-27T22:58:43Z
2026-04-26,196,Charles_Melton,22700,2026-04-27T22:58:43Z
2026-04-26,197,Alex_Fitzpatrick,22654,2026-04-27T22:58:43Z
2026-04-26,198,Samuel_Bateman,22612,2026-04-27T22:58:43Z
2026-04-26,199,Nick_Hogan,22597,2026-04-27T22:58:43Z
2026-04-26,200,John_F._Kennedy,22594,2026-04-27T22:58:43Z
2026-04-26,201,Roommates_(2026_film),22578,2026-04-27T22:58:43Z
2026-04-26,202,Carey_Mulligan,22537,2026-04-27T22:58:43Z
2026-04-26,203,Trial_of_Michael_Jackson,22506,2026-04-27T22:58:43Z
2026-04-26,204,Prince_(musician),22411,2026-04-27T22:58:43Z
2026-04-26,205,Rafael_Jódar,22227,2026-04-27T22:58:43Z
2026-04-26,206,David_Attenborough,22220,2026-04-27T22:58:43Z
2026-04-26,207,Cailee_Spaeny,22154,2026-04-27T22:58:43Z
2026-04-26,208,Nia_Long,22110,2026-04-27T22:58:43Z
2026-04-25,3,Nahui_Ollin,781718,2026-04-27T22:58:43Z
2026-04-25,4,2026_NFL_draft,319724,2026-04-27T22:58:43Z
2026-04-25,5,Michael_(2026_film),316184,2026-04-27T22:58:43Z
2026-04-25,7,Michael_Jackson,288031,2026-04-27T22:58:43Z
2026-04-25,8,Apex_(2026_film),228500,2026-04-27T22:58:43Z
2026-04-25,9,Jaafar_Jackson,218032,2026-04-27T22:58:43Z
2026-04-25,10,.xxx,215975,2026-04-27T22:58:43Z
2026-04-25,13,Jermaine_Jackson,112311,2026-04-27T22:58:43Z
2026-04-25,14,Dhurandhar:_The_Revenge,110684,2026-04-27T22:58:43Z
2026-04-25,15,"Neatsville,_Kentucky",109036,2026-04-27T22:58:43Z
2026-04-25,16,2026_West_Bengal_Legislative_Assembly_election,108152,2026-04-27T22:58:43Z
2026-04-25,17,Charlize_Theron,106429,2026-04-27T22:58:43Z
2026-04-25,18,Bogong_High_Plains,106067,2026-04-27T22:58:43Z
2026-04-25,19,Raghav_Chadha,100063,2026-04-27T22:58:43Z
2026-04-25,20,Limonene,99656,2026-04-27T22:58:43Z
2026-04-25,21,2026_Tamil_Nadu_Legislative_Assembly_election,89942,2026-04-27T22:58:43Z
2026-04-25,22,Katherine_Jackson,88330,2026-04-27T22:58:43Z
2026-04-25,23,Taron_Egerton,82109,2026-04-27T22:58:43Z
2026-04-25,24,Project_Hail_Mary_(film),80662,2026-04-27T22:58:43Z
2026-04-25,25,Joe_Jackson_(talent_manager),79935,2026-04-27T22:58:43Z
2026-04-25,26,Jordanian_Third_Division_League,79257,2026-04-27T22:58:43Z
2026-04-25,27,ChatGPT,78357,2026-04-27T22:58:43Z
2026-04-25,28,Vaibhav_Sooryavanshi,78032,2026-04-27T22:58:43Z
2026-04-25,29,Hulk_Hogan,77216,2026-04-27T22:58:43Z
2026-04-25,30,Bhooth_Bangla,72707,2026-04-27T22:58:43Z
2026-04-25,31,Karoline_Leavitt,69811,2026-04-27T22:58:43Z
2026-04-25,32,Jackson_family,69773,2026-04-27T22:58:43Z
2026-04-25,33,Beef_(TV_series),65265,2026-04-27T22:58:43Z
2026-04-25,34,Casey_Kasem,60957,2026-04-27T22:58:43Z
2026-04-25,35,Debbie_Rowe,59974,2026-04-27T22:58:43Z
2026-04-25,36,D4vd,59011,2026-04-27T22:58:43Z
2026-04-25,37,Fernando_Mendoza,58492,2026-04-27T22:58:43Z
2026-04-25,38,Drew_Allar,56430,2026-04-27T22:58:43Z
2026-04-25,39,Paris_Jackson,56307,2026-04-27T22:58:43Z
2026-04-25,40,Euphoria_(American_TV_series),55400,2026-04-27T22:58:43Z
2026-04-25,41,Paraloid_B-72,53856,2026-04-27T22:58:43Z
2026-04-25,42,Anne_Hathaway,51454,2026-04-27T22:58:43Z
2026-04-25,43,Unchosen,51313,2026-04-27T22:58:43Z
2026-04-25,44,Janet_Jackson,50775,2026-04-27T22:58:43Z
2026-04-25,45,Randy_Jackson_(Jacksons_singer),50604,2026-04-27T22:58:43Z
2026-04-25,46,Bombing_of_Obersalzberg,49905,2026-04-27T22:58:43Z
2026-04-25,47,Siri_Dahl,49794,2026-04-27T22:58:43Z
2026-04-25,48,Half_Man_(TV_series),49780,2026-04-27T22:58:43Z
2026-04-25,49,Anzac_Day,48347,2026-04-27T22:58:43Z
2026-04-25,50,Zara_Larsson,47729,2026-04-27T22:58:43Z
2026-04-25,52,Ansel_Adams,46073,2026-04-27T22:58:43Z
2026-04-25,53,Anna's_Archive,45820,2026-04-27T22:58:43Z
2026-04-25,54,LeBron_James,45411,2026-04-27T22:58:43Z
2026-04-25,55,Marty_Supreme,45247,2026-04-27T22:58:43Z
2026-04-25,56,Tito_Jackson,44810,2026-04-27T22:58:43Z
2026-04-25,57,Jimmy_Bullard,43916,2026-04-27T22:58:43Z
2026-04-25,58,David_Wilcock,43644,2026-04-27T22:58:43Z
2026-04-25,59,2026_Iran_war,43601,2026-04-27T22:58:43Z
2026-04-25,60,2026_World_Snooker_Championship,43513,2026-04-27T22:58:43Z
2026-04-25,61,Falkland_Islands,43384,2026-04-27T22:58:43Z
2026-04-25,62,Lisa_Marie_Presley,42929,2026-04-27T22:58:43Z
2026-04-25,63,Lee_Cronin's_The_Mummy,42138,2026-04-27T22:58:43Z
2026-04-25,64,Jonathan_Greenard,42131,2026-04-27T22:58:43Z
2026-04-25,65,Adam_Thomas,41877,2026-04-27T22:58:43Z
2026-04-25,66,Dianna_Russini,41454,2026-04-27T22:58:43Z
2026-04-25,67,Carson_Beck,40574,2026-04-27T22:58:43Z
2026-04-25,68,Donald_Trump,39786,2026-04-27T22:58:43Z
2026-04-25,69,The_Boys_season_5,39384,2026-04-27T22:58:43Z
2026-04-25,70,Death_of_Michael_Jackson,39249,2026-04-27T22:58:43Z
2026-04-25,71,La_Toya_Jackson,38931,2026-04-27T22:58:43Z
2026-04-25,72,The_Boys_(TV_series),38774,2026-04-27T22:58:43Z
2026-04-25,73,NBC_Sports,37469,2026-04-27T22:58:43Z
2026-04-25,74,Instagram,36414,2026-04-27T22:58:43Z
2026-04-25,75,The_Pitt,36284,2026-04-27T22:58:43Z
2026-04-25,76,Killing_of_Celeste_Rivas_Hernandez,36108,2026-04-27T22:58:43Z
2026-04-25,77,The_Super_Mario_Galaxy_Movie,35996,2026-04-27T22:58:43Z
2026-04-25,78,The_Jackson_5,35730,2026-04-27T22:58:43Z
2026-04-25,79,Rebbie_Jackson,35675,2026-04-27T22:58:43Z
2026-04-25,80,A._J._Terrell,35509,2026-04-27T22:58:43Z
2026-04-25,81,2026_FIFA_World_Cup,34971,2026-04-27T22:58:43Z
2026-04-25,82,Marcus_Smart,34934,2026-04-27T22:58:43Z
2026-04-25,83,Jackie_Jackson,34701,2026-04-27T22:58:43Z
2026-04-25,84,Xu_Fu,34634,2026-04-27T22:58:43Z
2026-04-25,85,The_Devil_Wears_Prada_2,34556,2026-04-27T22:58:43Z
2026-04-25,86,Hung_Cao,34132,2026-04-27T22:58:43Z
2026-04-25,87,Russian_war_crimes,34098,2026-04-27T22:58:43Z
2026-04-25,88,Russell_Brand,34071,2026-04-27T22:58:43Z
2026-04-25,89,Jared_Kushner,33946,2026-04-27T22:58:43Z
2026-04-25,90,Joe_Jackson_(manager),33928,2026-04-27T22:58:43Z
2026-04-25,91,Mike_Vrabel,33598,2026-04-27T22:58:43Z
2026-04-25,92,Kairi_Sane,33458,2026-04-27T22:58:43Z
2026-04-25,93,Rob_Reiner,33299,2026-04-27T22:58:43Z
2026-04-25,94,Mother_Mary_(2026_film),32956,2026-04-27T22:58:43Z
2026-04-25,95,Clayface_(film),32703,2026-04-27T22:58:43Z
2026-04-25,96,Eli_Heidenreich,32407,2026-04-27T22:58:43Z
2026-04-25,97,Chernobyl_disaster,32180,2026-04-27T22:58:43Z
2026-04-25,98,Running_Point,32120,2026-04-27T22:58:43Z
2026-04-25,99,Noah_Kahan,31976,2026-04-27T22:58:43Z
2026-04-25,100,The_Devil_Wears_Prada_(film),31912,2026-04-27T22:58:43Z
2026-04-25,101,Avieon_Terrell,31850,2026-04-27T22:58:43Z
2026-04-25,102,Makai_Lemon,31797,2026-04-27T22:58:43Z
2026-04-25,103,Liberation_Day_(Italy),31067,2026-04-27T22:58:43Z
2026-04-25,104,Colman_Domingo,31006,2026-04-27T22:58:43Z
2026-04-25,105,The_Drama_(film),30988,2026-04-27T22:58:43Z
2026-04-25,106,From_(TV_series),30685,2026-04-27T22:58:43Z
2026-04-25,107,Marlon_Jackson,30610,2026-04-27T22:58:43Z
2026-04-25,108,1993_Michael_Jackson_sexual_abuse_allegations,30239,2026-04-27T22:58:43Z
2026-04-25,109,Cleopatra,30195,2026-04-27T22:58:43Z
2026-04-25,110,XXXX_(beer),29922,2026-04-27T22:58:43Z
2026-04-25,111,Zoë_Kravitz,29881,2026-04-27T22:58:43Z
2026-04-25,112,Freddie_Woodman,29299,2026-04-27T22:58:43Z
2026-04-25,113,Perfect_Crown,29166,2026-04-27T22:58:43Z
2026-04-25,114,Anders_Behring_Breivik,29080,2026-04-27T22:58:43Z
2026-04-25,115,YouTube,28825,2026-04-27T22:58:43Z
2026-04-25,116,Wikipedia,28753,2026-04-27T22:58:43Z
2026-04-25,117,XXX_(film_series),28216,2026-04-27T22:58:43Z
2026-04-25,118,Ratan_Khatri,28184,2026-04-27T22:58:43Z
2026-04-25,119,Zendaya,28005,2026-04-27T22:58:43Z
2026-04-25,120,Youth_(2026_film),27823,2026-04-27T22:58:43Z
2026-04-25,121,John_Branca,27665,2026-04-27T22:58:43Z
2026-04-25,122,Jermod_McCoy,27596,2026-04-27T22:58:43Z
2026-04-25,123,WrestleMania_42,27590,2026-04-27T22:58:43Z
2026-04-25,124,United_States,27559,2026-04-27T22:58:43Z
2026-04-25,125,Invincible_(TV_series),27533,2026-04-27T22:58:43Z
2026-04-25,126,Mata_Hari,27286,2026-04-27T22:58:43Z
2026-04-25,127,Dee_Winters,27052,2026-04-27T22:58:43Z
2026-04-25,128,2026_elections_in_India,26915,2026-04-27T22:58:43Z
2026-04-25,129,Matka_King,26781,2026-04-27T22:58:43Z
2026-04-25,130,Kash_Patel,26741,2026-04-27T22:58:43Z
2026-04-25,131,Hunter_Schafer,26713,2026-04-27T22:58:43Z
2026-04-25,132,Nia_Long,26618,2026-04-27T22:58:43Z
2026-04-25,133,World_War_II,26414,2026-04-27T22:58:43Z
2026-04-25,135,2021_West_Bengal_Legislative_Assembly_election,26233,2026-04-27T22:58:43Z
2026-04-25,136,Kate_Hudson,26163,2026-04-27T22:58:43Z
2026-04-25,137,Ella_Langley,26144,2026-04-27T22:58:43Z
2026-04-25,138,Diego_Pavia,26049,2026-04-27T22:58:43Z
2026-04-25,139,If_Wishes_Could_Kill,25934,2026-04-27T22:58:43Z
2026-04-25,140,2026_Thomas_&_Uber_Cup,25837,2026-04-27T22:58:43Z
2026-04-25,141,Klay_Thompson,25792,2026-04-27T22:58:43Z
2026-04-25,142,Eric_Bana,25727,2026-04-27T22:58:43Z
2026-04-25,143,Thriller_(album),25711,2026-04-27T22:58:43Z
2026-04-25,144,Marty_Reisman,25680,2026-04-27T22:58:43Z
2026-04-25,145,Gennings_Dunker,25296,2026-04-27T22:58:43Z
2026-04-25,146,Jeff_Bezos,25245,2026-04-27T22:58:43Z
2026-04-25,147,Sarah_Isgur,25204,2026-04-27T22:58:43Z
2026-04-25,148,Bronny_James,25075,2026-04-27T22:58:43Z
2026-04-25,149,Steve_Witkoff,24874,2026-04-27T22:58:43Z
2026-04-25,150,Brooke_Hogan,24824,2026-04-27T22:58:43Z
2026-04-25,151,Roommates_(2026_film),24817,2026-04-27T22:58:43Z
2026-04-25,152,Sydney_Sweeney,24640,2026-04-27T22:58:43Z
2026-04-25,153,Wordle,24520,2026-04-27T22:58:43Z
2026-04-25,154,UFC_Fight_Night:_Sterling_vs._Zalal,24473,2026-04-27T22:58:43Z
2026-04-25,156,Jacob_Rodriguez,24032,2026-04-27T22:58:43Z
2026-04-25,157,Tyson_Fury,23945,2026-04-27T22:58:43Z
2026-04-25,158,Project_Hail_Mary,23795,2026-04-27T22:58:43Z
2026-04-25,159,Zach_Galifianakis,23742,2026-04-27T22:58:43Z
2026-04-25,160,Clavicular_(influencer),23622,2026-04-27T22:58:43Z
2026-04-25,161,Mark_Ingram_II,23548,2026-04-27T22:58:43Z
2026-04-25,162,.xyz,23305,2026-04-27T22:58:43Z
2026-04-25,163,Justin_Bieber,23250,2026-04-27T22:58:43Z
2026-04-25,164,Pragmata,23071,2026-04-27T22:58:43Z
2026-04-25,165,Adolf_Hitler,22953,2026-04-27T22:58:43Z
2026-04-25,166,Meryl_Streep,22853,2026-04-27T22:58:43Z
2026-04-25,167,2026_in_film,22793,2026-04-27T22:58:43Z
2026-04-25,168,Aam_Aadmi_Party,22763,2026-04-27T22:58:43Z
2026-04-25,169,Stanley_Tucci,22658,2026-04-27T22:58:43Z
2026-04-25,170,Parineeti_Chopra,22271,2026-04-27T22:58:43Z
2026-04-25,171,Margo's_Got_Money_Troubles,22176,2026-04-27T22:58:43Z
2026-04-25,172,2021_Tamil_Nadu_Legislative_Assembly_election,22163,2026-04-27T22:58:43Z
2026-04-25,173,Fra_Fee,22101,2026-04-27T22:58:43Z
2026-04-25,174,Conrad_Murray,21978,2026-04-27T22:58:43Z
2026-04-25,175,2011_Norway_attacks,21832,2026-04-27T22:58:43Z
2026-04-25,176,Helena_Bonham_Carter,21823,2026-04-27T22:58:43Z
2026-04-25,177,Charles_Melton,21729,2026-04-27T22:58:43Z
2026-04-25,178,Dynatrace,21464,2026-04-27T22:58:43Z
2026-04-25,179,Ryan_Gosling,21440,2026-04-27T22:58:43Z
2026-04-25,180,NFL_draft,21362,2026-04-27T22:58:43Z
2026-04-25,181,Avatar_Aang:_The_Last_Airbender,21327,2026-04-27T22:58:43Z
2026-04-25,182,HEALPix,21126,2026-04-27T22:58:43Z
2026-04-25,183,Chuck_E._Cheese,21111,2026-04-27T22:58:43Z
2026-04-25,184,Gallipoli_campaign,21086,2026-04-27T22:58:43Z
2026-04-25,185,1win,21053,2026-04-27T22:58:43Z
2026-04-25,186,Germie_Bernard,21003,2026-04-27T22:58:43Z
2026-04-25,187,Mali,21000,2026-04-27T22:58:43Z
2026-04-25,188,Samuel_Bateman,20986,2026-04-27T22:58:43Z
2026-04-25,189,Megan_Thee_Stallion,20944,2026-04-27T22:58:43Z
2026-04-25,190,Carey_Mulligan,20937,2026-04-27T22:58:43Z
2026-04-25,191,Backlash_(2026),20927,2026-04-27T22:58:43Z
2026-04-25,192,Brooklyn,20832,2026-04-27T22:58:43Z
2026-04-25,193,Killing_of_Rob_and_Michele_Reiner,20826,2026-04-27T22:58:43Z
2026-04-25,194,Nelly_Korda,20786,2026-04-27T22:58:43Z
2026-04-25,196,Callum_Turner,20701,2026-04-27T22:58:43Z
2026-04-25,197,The_Housemaid_(2025_film),20579,2026-04-27T22:58:43Z
2026-04-25,198,Antoine_Fuqua,20575,2026-04-27T22:58:43Z
2026-04-25,199,Cailee_Spaeny,20543,2026-04-27T22:58:43Z
2026-04-25,200,Morena_Baccarin,20528,2026-04-27T22:58:43Z
2026-04-25,202,Molly_Windsor,20442,2026-04-27T22:58:43Z
2026-04-25,203,Emily_Blunt,20426,2026-04-27T22:58:43Z
2026-04-25,204,Vaazha_II:_Biopic_of_a_Billion_Bros,20362,2026-04-27T22:58:43Z
2026-04-25,205,Patrick_Muldoon,20333,2026-04-27T22:58:43Z
2026-04-25,206,Asa_Butterfield,20248,2026-04-27T22:58:43Z
2026-04-25,207,Cristiano_Ronaldo,20230,2026-04-27T22:58:43Z
2026-04-25,208,Prince_(musician),20151,2026-04-27T22:58:43Z
2026-04-25,209,Premier_League,20108,2026-04-27T22:58:43Z
2026-04-25,210,Tyree_Wilson,20034,2026-04-27T22:58:43Z
2026-04-24,2,Nahui_Ollin,1123937,2026-04-27T22:58:43Z
2026-04-24,4,2026_NFL_draft,366855,2026-04-27T22:58:43Z
2026-04-24,6,Michael_(2026_film),251066,2026-04-27T22:58:43Z
2026-04-24,7,Michael_Jackson,186806,2026-04-27T22:58:43Z
2026-04-24,8,Fernando_Mendoza,184559,2026-04-27T22:58:43Z
2026-04-24,9,2026_West_Bengal_Legislative_Assembly_election,179835,2026-04-27T22:58:43Z
2026-04-24,10,2026_Tamil_Nadu_Legislative_Assembly_election,176191,2026-04-27T22:58:43Z
2026-04-24,11,Jaafar_Jackson,155199,2026-04-27T22:58:43Z
2026-04-24,12,Raghav_Chadha,146735,2026-04-27T22:58:43Z
2026-04-24,14,Mary_Ajami,130642,2026-04-27T22:58:43Z
2026-04-24,15,Dianna_Russini,127216,2026-04-27T22:58:43Z
2026-04-24,17,Dhurandhar:_The_Revenge,121315,2026-04-27T22:58:43Z
2026-04-24,18,Apex_(2026_film),119988,2026-04-27T22:58:43Z
2026-04-24,19,.xxx,117599,2026-04-27T22:58:43Z
2026-04-24,20,D4vd,110288,2026-04-27T22:58:43Z
2026-04-24,21,Makai_Lemon,108821,2026-04-27T22:58:43Z
2026-04-24,22,"Neatsville,_Kentucky",106811,2026-04-27T22:58:43Z
2026-04-24,23,Mike_Vrabel,99040,2026-04-27T22:58:43Z
2026-04-24,24,ChatGPT,96132,2026-04-27T22:58:43Z
2026-04-24,25,Caleb_Downs,92750,2026-04-27T22:58:43Z
2026-04-24,26,Zoë_Kravitz,90060,2026-04-27T22:58:43Z
2026-04-24,27,Limonene,86407,2026-04-27T22:58:43Z
2026-04-24,28,Ty_Simpson,79599,2026-04-27T22:58:43Z
2026-04-24,29,Bhooth_Bangla,79512,2026-04-27T22:58:43Z
2026-04-24,30,Jermaine_Jackson,77211,2026-04-27T22:58:43Z
2026-04-24,31,Charlize_Theron,74273,2026-04-27T22:58:43Z
2026-04-24,32,Dillon_Thieneman,72383,2026-04-27T22:58:43Z
2026-04-24,33,David_Wilcock,70268,2026-04-27T22:58:43Z
2026-04-24,34,Hulk_Hogan,66780,2026-04-27T22:58:43Z
2026-04-24,35,Project_Hail_Mary_(film),63913,2026-04-27T22:58:43Z
2026-04-24,36,Jeremiyah_Love,63783,2026-04-27T22:58:43Z
2026-04-24,37,Beef_(TV_series),63090,2026-04-27T22:58:43Z
2026-04-24,38,Jordyn_Tyson,60230,2026-04-27T22:58:43Z
2026-04-24,39,Euphoria_(American_TV_series),59857,2026-04-27T22:58:43Z
2026-04-24,40,2021_Tamil_Nadu_Legislative_Assembly_election,56665,2026-04-27T22:58:43Z
2026-04-24,41,David_Bailey_(American_football),56290,2026-04-27T22:58:43Z
2026-04-24,42,Sonny_Styles,56176,2026-04-27T22:58:43Z
2026-04-24,43,Clayface_(film),56000,2026-04-27T22:58:43Z
2026-04-24,45,Hung_Cao,55366,2026-04-27T22:58:43Z
2026-04-24,46,Anna's_Archive,53055,2026-04-27T22:58:43Z
2026-04-24,47,Katherine_Jackson,52189,2026-04-27T22:58:43Z
2026-04-24,48,Anne_Hathaway,51589,2026-04-27T22:58:43Z
2026-04-24,49,Mansoor_Delane,51560,2026-04-27T22:58:43Z
2026-04-24,50,The_Boys_season_5,50243,2026-04-27T22:58:43Z
2026-04-24,51,2026_Iran_war,49614,2026-04-27T22:58:43Z
2026-04-24,52,Arvell_Reese,49307,2026-04-27T22:58:43Z
2026-04-24,53,Carnell_Tate,48860,2026-04-27T22:58:43Z
2026-04-24,54,Joe_Jackson_(talent_manager),47423,2026-04-27T22:58:43Z
2026-04-24,55,Caleb_Lomu,46317,2026-04-27T22:58:43Z
2026-04-24,56,2021_West_Bengal_Legislative_Assembly_election,45626,2026-04-27T22:58:43Z
2026-04-24,57,Half_Man_(TV_series),45521,2026-04-27T22:58:43Z
2026-04-24,58,Aam_Aadmi_Party,45067,2026-04-27T22:58:43Z
2026-04-24,59,Donald_Trump,44853,2026-04-27T22:58:43Z
2026-04-24,60,Killing_of_Celeste_Rivas_Hernandez,44098,2026-04-27T22:58:43Z
2026-04-24,61,The_Boys_(TV_series),43604,2026-04-27T22:58:43Z
2026-04-24,62,Rajya_Sabha,43392,2026-04-27T22:58:43Z
2026-04-24,63,Jackson_family,43305,2026-04-27T22:58:43Z
2026-04-24,64,2026_elections_in_India,43228,2026-04-27T22:58:43Z
2026-04-24,65,Taron_Egerton,42661,2026-04-27T22:58:43Z
2026-04-24,66,United_States,42428,2026-04-27T22:58:43Z
2026-04-24,67,Spencer_Fano,42206,2026-04-27T22:58:43Z
2026-04-24,68,Francis_Mauigoa,41920,2026-04-27T22:58:43Z
2026-04-24,69,Rueben_Bain_Jr.,40608,2026-04-27T22:58:43Z
2026-04-24,70,Instagram,40211,2026-04-27T22:58:43Z
2026-04-24,71,Unchosen,40062,2026-04-27T22:58:43Z
2026-04-24,72,2026_World_Snooker_Championship,39918,2026-04-27T22:58:43Z
2026-04-24,73,2026_FIFA_World_Cup,39432,2026-04-27T22:58:43Z
2026-04-24,74,Falkland_Islands,39288,2026-04-27T22:58:43Z
2026-04-24,75,Ringo_Starr,38791,2026-04-27T22:58:43Z
2026-04-24,76,YouTube,38393,2026-04-27T22:58:43Z
2026-04-24,77,Stanley_Tucci,37648,2026-04-27T22:58:43Z
2026-04-24,78,Lee_Cronin's_The_Mummy,37602,2026-04-27T22:58:43Z
2026-04-24,79,Ornithoprion,36905,2026-04-27T22:58:43Z
2026-04-24,80,The_Pitt,36873,2026-04-27T22:58:43Z
2026-04-24,81,Debbie_Rowe,36788,2026-04-27T22:58:43Z
2026-04-24,82,The_Devil_Wears_Prada_2,36685,2026-04-27T22:58:43Z
2026-04-24,83,NFL_draft,35991,2026-04-27T22:58:43Z
2026-04-24,84,Clayface,35985,2026-04-27T22:58:43Z
2026-04-24,85,Paris_Jackson,35909,2026-04-27T22:58:43Z
2026-04-24,86,Ashok_Mittal,35712,2026-04-27T22:58:43Z
2026-04-24,87,Akheem_Mesidor,35140,2026-04-27T22:58:43Z
2026-04-24,88,XXX_(film_series),34445,2026-04-27T22:58:43Z
2026-04-24,89,Mother_Mary_(2026_film),34079,2026-04-27T22:58:43Z
2026-04-24,90,Russian_war_crimes,34075,2026-04-27T22:58:43Z
2026-04-24,91,Harbhajan_Singh,33812,2026-04-27T22:58:43Z
2026-04-24,92,Max_Iheanachor,33315,2026-04-27T22:58:43Z
2026-04-24,93,Jeff_Bezos,33201,2026-04-27T22:58:43Z
2026-04-24,94,Emily_Blunt,32838,2026-04-27T22:58:43Z
2026-04-24,95,Kash_Patel,32767,2026-04-27T22:58:43Z
2026-04-24,96,Invincible_(TV_series),32684,2026-04-27T22:58:43Z
2026-04-24,97,Ansel_Adams,32390,2026-04-27T22:58:43Z
2026-04-24,98,Janet_Jackson,32241,2026-04-27T22:58:43Z
2026-04-24,99,Harry_Styles,32176,2026-04-27T22:58:43Z
2026-04-24,100,Noah_Kahan,32057,2026-04-27T22:58:43Z
2026-04-24,101,KC_Concepcion_(American_football),32036,2026-04-27T22:58:43Z
2026-04-24,102,Kenyon_Sadiq,31915,2026-04-27T22:58:43Z
2026-04-24,103,Patrick_Muldoon,31664,2026-04-27T22:58:43Z
2026-04-24,104,Jadarian_Price,31602,2026-04-27T22:58:43Z
2026-04-24,105,Rob_Reiner,31491,2026-04-27T22:58:43Z
2026-04-24,106,Randy_Jackson_(Jacksons_singer),31145,2026-04-27T22:58:43Z
2026-04-24,107,Cleopatra,30915,2026-04-27T22:58:43Z
2026-04-24,108,The_Super_Mario_Galaxy_Movie,30914,2026-04-27T22:58:43Z
2026-04-24,109,WrestleMania_42,30912,2026-04-27T22:58:43Z
2026-04-24,110,Sandeep_Pathak,30740,2026-04-27T22:58:43Z
2026-04-24,111,.xyz,30535,2026-04-27T22:58:43Z
2026-04-24,112,Josh_Downs,30110,2026-04-27T22:58:43Z
2026-04-24,113,Kadyn_Proctor,29744,2026-04-27T22:58:43Z
2026-04-24,114,Elizabeth_Smart,29419,2026-04-27T22:58:43Z
2026-04-24,115,Dave_Mason,29190,2026-04-27T22:58:43Z
2026-04-24,116,Vega_Ioane,29176,2026-04-27T22:58:43Z
2026-04-24,117,From_(TV_series),29056,2026-04-27T22:58:43Z
2026-04-24,120,XXXX_(beer),28854,2026-04-27T22:58:43Z
2026-04-24,121,2025_NFL_draft,28639,2026-04-27T22:58:43Z
2026-04-24,122,Wikipedia,28102,2026-04-27T22:58:43Z
2026-04-24,123,Lisa_Marie_Presley,27977,2026-04-27T22:58:43Z
2026-04-24,124,Anzac_Day,27917,2026-04-27T22:58:43Z
2026-04-24,125,Lophotrochozoa,27847,2026-04-27T22:58:43Z
2026-04-24,126,Tito_Jackson,27786,2026-04-27T22:58:43Z
2026-04-24,127,Hunter_Schafer,27728,2026-04-27T22:58:43Z
2026-04-24,128,The_Drama_(film),27469,2026-04-27T22:58:43Z
2026-04-24,129,Meryl_Streep,27429,2026-04-27T22:58:43Z
2026-04-24,130,Youth_(2026_film),27295,2026-04-27T22:58:43Z
2026-04-24,131,Michael_Tilson_Thomas,27279,2026-04-27T22:58:43Z
2026-04-24,132,Matka_King,27080,2026-04-27T22:58:43Z
2026-04-24,133,Pragmata,27065,2026-04-27T22:58:43Z
2026-04-24,135,World_War_II,26909,2026-04-27T22:58:43Z
2026-04-24,136,The_Devil_Wears_Prada_(film),26774,2026-04-27T22:58:43Z
2026-04-24,137,West_Bengal_Legislative_Assembly,26760,2026-04-27T22:58:43Z
2026-04-24,138,CJ_McCollum,26621,2026-04-27T22:58:43Z
2026-04-24,139,Armenian_genocide,26139,2026-04-27T22:58:43Z
2026-04-24,140,Lorenzo_Styles_Jr.,26049,2026-04-27T22:58:43Z
2026-04-24,141,Justin_Bieber,26007,2026-04-27T22:58:43Z
2026-04-24,142,Lisa_Bonet,25800,2026-04-27T22:58:43Z
2026-04-24,143,Tyson_Fury,25714,2026-04-27T22:58:43Z
2026-04-24,144,Running_Point,25654,2026-04-27T22:58:43Z
2026-04-24,145,Ratan_Khatri,25389,2026-04-27T22:58:43Z
2026-04-24,146,Zara_Larsson,25119,2026-04-27T22:58:43Z
2026-04-24,147,La_Toya_Jackson,25080,2026-04-27T22:58:43Z
2026-04-24,148,Benjamin_Netanyahu,25049,2026-04-27T22:58:43Z
2026-04-24,149,Michael_Beasley,24801,2026-04-27T22:58:43Z
2026-04-24,151,Monroe_Freeling,24701,2026-04-27T22:58:43Z
2026-04-24,152,Wordle,24561,2026-04-27T22:58:43Z
2026-04-24,153,Survivor_50:_In_the_Hands_of_the_Fans,24422,2026-04-27T22:58:43Z
2026-04-24,154,John_C._Phelan,24370,2026-04-27T22:58:43Z
2026-04-24,155,Blake_Miller_(offensive_tackle),24361,2026-04-27T22:58:43Z
2026-04-24,156,Malachi_Lawrence,24300,2026-04-27T22:58:43Z
2026-04-24,157,XXX_(2002_film),24275,2026-04-27T22:58:43Z
2026-04-24,158,Chernobyl_disaster,24164,2026-04-27T22:58:43Z
2026-04-24,159,Caleb_Banks_(American_football),24040,2026-04-27T22:58:43Z
2026-04-24,160,Jack_Nicholson,24030,2026-04-27T22:58:43Z
2026-04-24,161,Swati_Maliwal,24023,2026-04-27T22:58:43Z
2026-04-24,162,Lisa_Robin_Kelly,23981,2026-04-27T22:58:43Z
2026-04-24,163,Jared_Kushner,23978,2026-04-27T22:58:43Z
2026-04-24,164,Zendaya,23520,2026-04-27T22:58:43Z
2026-04-24,165,The_Jackson_5,23438,2026-04-27T22:58:43Z
2026-04-24,166,Colman_Domingo,23208,2026-04-27T22:58:43Z
2026-04-24,167,Death_of_Michael_Jackson,23192,2026-04-27T22:58:43Z
2026-04-24,168,Karoline_Leavitt,23009,2026-04-27T22:58:43Z
2026-04-24,169,Stranger_Things:_Tales_from_'85,22922,2026-04-27T22:58:43Z
2026-04-24,170,Pete_Hegseth,22837,2026-04-27T22:58:43Z
2026-04-24,171,Sydney_Sweeney,22788,2026-04-27T22:58:43Z
2026-04-24,172,Saros_(video_game),22727,2026-04-27T22:58:43Z
2026-04-24,173,Roommates_(2026_film),22700,2026-04-27T22:58:43Z
2026-04-24,174,Kate_Hudson,22671,2026-04-27T22:58:43Z
2026-04-24,175,Avatar_Aang:_The_Last_Airbender,22663,2026-04-27T22:58:43Z
2026-04-24,176,Clavicular_(influencer),22441,2026-04-27T22:58:43Z
2026-04-24,177,Jeffrey_Epstein,22395,2026-04-27T22:58:43Z
2026-04-24,177,Lorenzo_Styles,22395,2026-04-27T22:58:43Z
2026-04-24,179,Nia_Long,22315,2026-04-27T22:58:43Z
2026-04-24,180,Roger_Goodell,22262,2026-04-27T22:58:43Z
2026-04-24,181,Cab_Calloway,22230,2026-04-27T22:58:43Z
2026-04-24,182,United_Airlines_Flight_232,22083,2026-04-27T22:58:43Z
2026-04-24,183,Margo's_Got_Money_Troubles,21977,2026-04-27T22:58:43Z
2026-04-24,184,Adam_Thomas,21864,2026-04-27T22:58:43Z
2026-04-24,185,Facebook,21736,2026-04-27T22:58:43Z
2026-04-24,186,Coyote_vs._Acme,21683,2026-04-27T22:58:43Z
2026-04-24,187,Liam_Rosenior,21650,2026-04-27T22:58:43Z
2026-04-24,188,Jackie_Jackson,21616,2026-04-27T22:58:43Z
2026-04-24,189,Charles_Melton,21603,2026-04-27T22:58:43Z
2026-04-24,190,2026_Kerala_Legislative_Assembly_election,21602,2026-04-27T22:58:43Z
2026-04-24,191,Dynatrace,21556,2026-04-27T22:58:43Z
2026-04-24,192,Project_Hail_Mary,21477,2026-04-27T22:58:43Z
2026-04-24,193,Missing_scientists,21402,2026-04-27T22:58:43Z
2026-04-24,194,1993_Michael_Jackson_sexual_abuse_allegations,21344,2026-04-27T22:58:43Z
2026-04-24,196,Opinion_polling_for_the_next_United_Kingdom_general_election,21284,2026-04-27T22:58:43Z
2026-04-24,197,April_24,21269,2026-04-27T22:58:43Z
2026-04-24,198,2026_in_film,21257,2026-04-27T22:58:43Z
2026-04-24,199,Hasan_Piker,21240,2026-04-27T22:58:43Z
2026-04-24,200,Tornadoes_of_2026,21171,2026-04-27T22:58:43Z
2026-04-24,201,Omar_Cooper,20969,2026-04-27T22:58:43Z
2026-04-24,202,Adolf_Hitler,20965,2026-04-27T22:58:43Z
2026-04-24,203,Mamata_Banerjee,20870,2026-04-27T22:58:43Z
2026-04-24,204,Biggest_ball_of_twine,20818,2026-04-27T22:58:43Z
2026-04-24,205,Karl_Glusman,20793,2026-04-27T22:58:43Z
2026-04-24,207,Joe_Jackson_(manager),20602,2026-04-27T22:58:43Z
2026-04-24,208,Cristiano_Ronaldo,20588,2026-04-27T22:58:43Z
2026-04-24,209,Southern_Poverty_Law_Center,20546,2026-04-27T22:58:43Z
2026-04-24,210,Craig_Charles,20540,2026-04-27T22:58:43Z
2026-04-24,211,Daredevil:_Born_Again_season_2,20532,2026-04-27T22:58:43Z
2026-04-24,212,Carey_Mulligan,20510,2026-04-27T22:58:43Z
2026-04-23,2,Nahui_Ollin,1171179,2026-04-27T22:58:43Z
2026-04-23,4,2026_Tamil_Nadu_Legislative_Assembly_election,355438,2026-04-27T22:58:43Z
2026-04-23,6,2021_Tamil_Nadu_Legislative_Assembly_election,257803,2026-04-27T22:58:43Z
2026-04-23,7,2026_West_Bengal_Legislative_Assembly_election,229632,2026-04-27T22:58:43Z
2026-04-23,8,Michael_(2026_film),177083,2026-04-27T22:58:43Z
2026-04-23,9,.xxx,169343,2026-04-27T22:58:43Z
2026-04-23,11,Hung_Cao,157901,2026-04-27T22:58:43Z
2026-04-23,12,Dhurandhar:_The_Revenge,140599,2026-04-27T22:58:43Z
2026-04-23,13,Clayface_(film),137505,2026-04-27T22:58:43Z
2026-04-23,15,D4vd,127551,2026-04-27T22:58:43Z
2026-04-23,16,Hell's_Kitchen_(American_TV_series)_season_9,124584,2026-04-27T22:58:43Z
2026-04-23,17,Michael_Jackson,121106,2026-04-27T22:58:43Z
2026-04-23,18,David_Wilcock,117972,2026-04-27T22:58:43Z
2026-04-23,19,Dianna_Russini,114601,2026-04-27T22:58:43Z
2026-04-23,20,Jaafar_Jackson,112738,2026-04-27T22:58:43Z
2026-04-23,21,Randy_Alcorn,112087,2026-04-27T22:58:43Z
2026-04-23,22,"Neatsville,_Kentucky",110677,2026-04-27T22:58:43Z
2026-04-23,23,John_C._Phelan,108235,2026-04-27T22:58:43Z
2026-04-23,24,ChatGPT,106898,2026-04-27T22:58:43Z
2026-04-23,25,Limonene,97675,2026-04-27T22:58:43Z
2026-04-23,26,Clayface,93348,2026-04-27T22:58:43Z
2026-04-23,27,2021_West_Bengal_Legislative_Assembly_election,90944,2026-04-27T22:58:43Z
2026-04-23,28,Mike_Vrabel,87303,2026-04-27T22:58:43Z
2026-04-23,29,Saint_George's_Day,83554,2026-04-27T22:58:43Z
2026-04-23,30,Bhooth_Bangla,82535,2026-04-27T22:58:43Z
2026-04-23,31,My_Neighbor_Totoro,78676,2026-04-27T22:58:43Z
2026-04-23,32,The_Boys_season_5,78251,2026-04-27T22:58:43Z
2026-04-23,33,Dave_Mason,77670,2026-04-27T22:58:43Z
2026-04-23,34,Survivor_50:_In_the_Hands_of_the_Fans,73886,2026-04-27T22:58:43Z
2026-04-23,35,Saint_George,73402,2026-04-27T22:58:43Z
2026-04-23,36,Hulk_Hogan,73329,2026-04-27T22:58:43Z
2026-04-23,37,Beef_(TV_series),72554,2026-04-27T22:58:43Z
2026-04-23,38,2026_elections_in_India,68726,2026-04-27T22:58:43Z
2026-04-23,39,Liam_Rosenior,68711,2026-04-27T22:58:43Z
2026-04-23,40,Euphoria_(American_TV_series),66945,2026-04-27T22:58:43Z
2026-04-23,41,Charlize_Theron,62651,2026-04-27T22:58:43Z
2026-04-23,42,Kash_Patel,60872,2026-04-27T22:58:43Z
2026-04-23,43,Project_Hail_Mary_(film),60656,2026-04-27T22:58:43Z
2026-04-23,45,Killing_of_Celeste_Rivas_Hernandez,58366,2026-04-27T22:58:43Z
2026-04-23,46,Beyoncé,57865,2026-04-27T22:58:43Z
2026-04-23,47,Patrick_Muldoon,56131,2026-04-27T22:58:43Z
2026-04-23,48,2026_Iran_war,55558,2026-04-27T22:58:43Z
2026-04-23,49,The_Boys_(TV_series),55263,2026-04-27T22:58:43Z
2026-04-23,50,Jermaine_Jackson,54556,2026-04-27T22:58:43Z
2026-04-23,51,Anna's_Archive,54537,2026-04-27T22:58:43Z
2026-04-23,52,Anne_Hathaway,51639,2026-04-27T22:58:43Z
2026-04-23,53,Invincible_(TV_series),46392,2026-04-27T22:58:43Z
2026-04-23,54,2026_FIFA_World_Cup,46172,2026-04-27T22:58:43Z
2026-04-23,55,2026_NFL_draft,45517,2026-04-27T22:58:43Z
2026-04-23,56,Donald_Trump,45428,2026-04-27T22:58:43Z
2026-04-23,57,Jeff_Bezos,45097,2026-04-27T22:58:43Z
2026-04-23,58,John_Oliver,44621,2026-04-27T22:58:43Z
2026-04-23,59,Coyote_vs._Acme,44364,2026-04-27T22:58:43Z
2026-04-23,60,James_Valentine_(journalist),44163,2026-04-27T22:58:43Z
2026-04-23,61,Lisa_Robin_Kelly,44014,2026-04-27T22:58:43Z
2026-04-23,62,Cat_Little,43746,2026-04-27T22:58:43Z
2026-04-23,63,United_States,43249,2026-04-27T22:58:43Z
2026-04-23,64,Tom_Rhys_Harries,42780,2026-04-27T22:58:43Z
2026-04-23,65,Michael_Beasley,42367,2026-04-27T22:58:43Z
2026-04-23,66,2026_World_Snooker_Championship,41601,2026-04-27T22:58:43Z
2026-04-23,67,Lee_Cronin's_The_Mummy,40549,2026-04-27T22:58:43Z
2026-04-23,68,Storage_Wars,39788,2026-04-27T22:58:43Z
2026-04-23,69,Southern_Poverty_Law_Center,39715,2026-04-27T22:58:43Z
2026-04-23,70,YouTube,39686,2026-04-27T22:58:43Z
2026-04-23,71,William_Shakespeare,39593,2026-04-27T22:58:43Z
2026-04-23,72,Instagram,37883,2026-04-27T22:58:43Z
2026-04-23,73,The_Pitt,37525,2026-04-27T22:58:43Z
2026-04-23,74,Unchosen,37168,2026-04-27T22:58:43Z
2026-04-23,75,Russian_war_crimes,36680,2026-04-27T22:58:43Z
2026-04-23,76,The_Devil_Wears_Prada_2,35916,2026-04-27T22:58:43Z
2026-04-23,77,WrestleMania_42,35637,2026-04-27T22:58:43Z
2026-04-23,78,Totoro,35616,2026-04-27T22:58:43Z
2026-04-23,79,Stanley_Tucci,35468,2026-04-27T22:58:43Z
2026-04-23,81,Pragmata,34792,2026-04-27T22:58:43Z
2026-04-23,82,Elizabeth_Smart,34568,2026-04-27T22:58:43Z
2026-04-23,83,2026_Kerala_Legislative_Assembly_election,34277,2026-04-27T22:58:43Z
2026-04-23,84,Zara_Larsson,34183,2026-04-27T22:58:43Z
2026-04-23,85,Katherine_Jackson,33795,2026-04-27T22:58:43Z
2026-04-23,86,Alexis_Wilkins,33140,2026-04-27T22:58:43Z
2026-04-23,87,.xyz,32495,2026-04-27T22:58:43Z
2026-04-23,88,John_Ternus,32476,2026-04-27T22:58:43Z
2026-04-23,89,Akeal_Hosein,32334,2026-04-27T22:58:43Z
2026-04-23,90,Tyson_Fury,32276,2026-04-27T22:58:43Z
2026-04-23,91,XXXX_(beer),32231,2026-04-27T22:58:43Z
2026-04-23,92,XXX_(film_series),32207,2026-04-27T22:58:43Z
2026-04-23,93,Tamilaga_Vettri_Kazhagam,31435,2026-04-27T22:58:43Z
2026-04-23,94,XXX_(2002_film),31306,2026-04-27T22:58:43Z
2026-04-23,95,Youth_(2026_film),31254,2026-04-27T22:58:43Z
2026-04-23,96,Russell_Brand,31017,2026-04-27T22:58:43Z
2026-04-23,97,The_Super_Mario_Galaxy_Movie,30922,2026-04-27T22:58:43Z
2026-04-23,98,Joe_Jackson_(talent_manager),30831,2026-04-27T22:58:43Z
2026-04-23,99,Michael_Tilson_Thomas,30801,2026-04-27T22:58:43Z
2026-04-23,100,Earth_Day,30648,2026-04-27T22:58:43Z
2026-04-23,101,Wikipedia,30589,2026-04-27T22:58:43Z
2026-04-23,102,Cleopatra,30353,2026-04-27T22:58:43Z
2026-04-23,103,Claudia_Doumit,30196,2026-04-27T22:58:43Z
2026-04-23,104,Steve_Hilton,29958,2026-04-27T22:58:43Z
2026-04-23,105,From_(TV_series),29922,2026-04-27T22:58:43Z
2026-04-23,106,Paolo_Zampolli,29827,2026-04-27T22:58:43Z
2026-04-23,107,Ansel_Adams,29324,2026-04-27T22:58:43Z
2026-04-23,108,Daredevil:_Born_Again_season_2,29179,2026-04-27T22:58:43Z
2026-04-23,109,The_Drama_(film),28998,2026-04-27T22:58:43Z
2026-04-23,110,Jackson_family,28742,2026-04-27T22:58:43Z
2026-04-23,111,Hunter_Schafer,28518,2026-04-27T22:58:43Z
2026-04-23,114,2016_Tamil_Nadu_Legislative_Assembly_election,27316,2026-04-27T22:58:43Z
2026-04-23,115,Death_of_Celeste_Rivas_Hernandez,27247,2026-04-27T22:58:43Z
2026-04-23,116,Fernando_Mendoza,27073,2026-04-27T22:58:43Z
2026-04-23,117,Justin_Bieber,27034,2026-04-27T22:58:43Z
2026-04-23,118,World_War_II,26379,2026-04-27T22:58:43Z
2026-04-23,119,Invincible_season_4,26303,2026-04-27T22:58:43Z
2026-04-23,120,Ratan_Khatri,26286,2026-04-27T22:58:43Z
2026-04-23,121,Matka_King,26055,2026-04-27T22:58:43Z
2026-04-23,122,The_Testaments_(TV_series),25976,2026-04-27T22:58:43Z
2026-04-23,123,Wordle,25860,2026-04-27T22:58:43Z
2026-04-23,124,Xavier_Becerra,25641,2026-04-27T22:58:43Z
2026-04-23,125,Vijay_(actor),25616,2026-04-27T22:58:43Z
2026-04-23,126,Pladl_incest_and_murders,25570,2026-04-27T22:58:43Z
2026-04-23,127,Zendaya,25466,2026-04-27T22:58:43Z
2026-04-23,128,West_Bengal_Legislative_Assembly,25439,2026-04-27T22:58:43Z
2026-04-23,129,Sydney_Sweeney,25415,2026-04-27T22:58:43Z
2026-04-23,130,Noah_Wyle,25259,2026-04-27T22:58:43Z
2026-04-23,131,Margo's_Got_Money_Troubles,25083,2026-04-27T22:58:43Z
2026-04-23,132,Stranger_Things:_Tales_from_'85,24621,2026-04-27T22:58:43Z
2026-04-23,133,Cailee_Spaeny,24579,2026-04-27T22:58:43Z
2026-04-23,134,David_Scott_(Georgia_politician),24526,2026-04-27T22:58:43Z
2026-04-23,135,2026_California_gubernatorial_election,24385,2026-04-27T22:58:43Z
2026-04-23,136,Jack_Quaid,24352,2026-04-27T22:58:43Z
2026-04-23,137,Jacob_Elordi,24184,2026-04-27T22:58:43Z
2026-04-23,138,Julian_Casablancas,24159,2026-04-27T22:58:43Z
2026-04-23,139,2026_Assam_Legislative_Assembly_election,24139,2026-04-27T22:58:43Z
2026-04-23,140,Mother_Mary_(2026_film),23973,2026-04-27T22:58:43Z
2026-04-23,141,Tom_Steyer,23861,2026-04-27T22:58:43Z
2026-04-23,142,Emily_Blunt,23791,2026-04-27T22:58:43Z
2026-04-23,143,Blue_Film_(2025_film),23665,2026-04-27T22:58:43Z
2026-04-23,144,Hasan_Piker,23604,2026-04-27T22:58:43Z
2026-04-23,145,Paris_Jackson,23492,2026-04-27T22:58:43Z
2026-04-23,147,Janet_Jackson,23105,2026-04-27T22:58:43Z
2026-04-23,148,James_H._Snook,23076,2026-04-27T22:58:43Z
2026-04-23,149,United_States_Secretary_of_the_Navy,22890,2026-04-27T22:58:43Z
2026-04-23,150,Tamil_Nadu_Legislative_Assembly,22874,2026-04-27T22:58:43Z
2026-04-23,151,Brooklyn,22814,2026-04-27T22:58:43Z
2026-04-23,152,Opinion_polling_for_the_next_United_Kingdom_general_election,22703,2026-04-27T22:58:43Z
2026-04-23,153,Charles_Melton,22691,2026-04-27T22:58:43Z
2026-04-23,154,April_23,22654,2026-04-27T22:58:43Z
2026-04-23,155,Roommates_(2026_film),22423,2026-04-27T22:58:43Z
2026-04-23,156,Debbie_Rowe,22240,2026-04-27T22:58:43Z
2026-04-23,157,Danny_Masterson,22217,2026-04-27T22:58:43Z
2026-04-23,158,Aubrey_Plaza,22127,2026-04-27T22:58:43Z
2026-04-23,159,Colman_Domingo,22078,2026-04-27T22:58:43Z
2026-04-23,160,Cristiano_Ronaldo,22063,2026-04-27T22:58:43Z
2026-04-23,161,Google_Chrome,21915,2026-04-27T22:58:43Z
2026-04-23,162,Disappearance_of_the_Skelton_brothers,21786,2026-04-27T22:58:43Z
2026-04-23,163,Axolotl,21685,2026-04-27T22:58:43Z
2026-04-23,164,Invincible_(comics),21631,2026-04-27T22:58:43Z
2026-04-23,165,Justin_Theroux,21615,2026-04-27T22:58:43Z
2026-04-23,166,Adolf_Hitler,21567,2026-04-27T22:58:43Z
2026-04-23,167,Daredevil:_Born_Again,21415,2026-04-27T22:58:43Z
2026-04-23,168,2026_in_film,21363,2026-04-27T22:58:43Z
2026-04-23,169,Project_Hail_Mary,21280,2026-04-27T22:58:43Z
2026-04-23,170,The_Devil_Wears_Prada_(film),21201,2026-04-27T22:58:43Z
2026-04-23,171,Randy_Jackson_(Jacksons_singer),21124,2026-04-27T22:58:43Z
2026-04-23,172,Chernobyl_disaster,21051,2026-04-27T22:58:43Z
2026-04-23,173,Pete_Hegseth,20965,2026-04-27T22:58:43Z
2026-04-23,174,Dynatrace,20922,2026-04-27T22:58:43Z
2026-04-23,175,2011_Tamil_Nadu_Legislative_Assembly_election,20908,2026-04-27T22:58:43Z
2026-04-23,176,Kate_Hudson,20836,2026-04-27T22:58:43Z
2026-04-23,177,Karoline_Leavitt,20790,2026-04-27T22:58:43Z
2026-04-23,178,Jeffrey_Epstein,20657,2026-04-27T22:58:43Z
2026-04-23,179,Brooke_Hogan,20648,2026-04-27T22:58:43Z
2026-04-23,180,Craig_Charles,20604,2026-04-27T22:58:43Z
2026-04-23,181,Tim_Cook,20600,2026-04-27T22:58:43Z
2026-04-23,182,Carey_Mulligan,20395,2026-04-27T22:58:43Z
2026-04-23,183,Premier_League,20388,2026-04-27T22:58:43Z
2026-04-23,184,Facebook,20380,2026-04-27T22:58:43Z
2026-04-23,185,Elizabeth_II,20370,2026-04-27T22:58:43Z
2026-04-23,186,M._K._Stalin,20363,2026-04-27T22:58:43Z
2026-04-23,187,Leicester_City_F.C.,20164,2026-04-27T22:58:43Z
2026-04-23,188,DC_Universe_(franchise),20088,2026-04-27T22:58:43Z
2026-04-23,190,Chelsea_F.C.,19881,2026-04-27T22:58:43Z
2026-04-23,191,Planetary_mnemonic,19750,2026-04-27T22:58:43Z
2026-04-23,192,Calum_McFarlane,19545,2026-04-27T22:58:43Z
2026-04-23,193,John_Kerry,19494,2026-04-27T22:58:43Z
2026-04-23,194,Tito_Jackson,19353,2026-04-27T22:58:43Z
2026-04-23,195,United_Kingdom,19285,2026-04-27T22:58:43Z
2026-04-23,196,Mamata_Banerjee,19162,2026-04-27T22:58:43Z
2026-04-23,197,Clavicular_(influencer),19152,2026-04-27T22:58:43Z
2026-04-23,198,Michelle_McNamara,19093,2026-04-27T22:58:43Z
2026-04-23,199,Lewis_Hamilton,19089,2026-04-27T22:58:43Z
2026-04-23,200,Nikki_Glaser,19076,2026-04-27T22:58:43Z
2026-04-23,202,Brock_Lesnar,19051,2026-04-27T22:58:43Z
2026-04-23,203,2026_Virginia_redistricting_amendment,19046,2026-04-27T22:58:43Z
2026-04-23,204,Robert_F._Kennedy_Jr.,18989,2026-04-27T22:58:43Z
2026-04-23,205,Prince_(musician),18948,2026-04-27T22:58:43Z
2026-04-23,206,Biggest_ball_of_twine,18913,2026-04-27T22:58:43Z
2026-04-23,207,Avatar_Aang:_The_Last_Airbender,18885,2026-04-27T22:58:43Z
2026-04-23,208,Zach_Galifianakis,18797,2026-04-27T22:58:43Z
2026-04-23,209,La_Toya_Jackson,18649,2026-04-27T22:58:43Z
2026-04-23,210,Taylor_Dearden,18639,2026-04-27T22:58:43Z
2026-04-23,211,"Pantheon,_Rome",18560,2026-04-27T22:58:43Z
2026-04-23,212,XNXX,18554,2026-04-27T22:58:43Z
2026-04-22,3,Nahui_Ollin,1107114,2026-04-27T22:58:43Z
2026-04-22,5,Dave_Mason,202462,2026-04-27T22:58:43Z
2026-04-22,6,Earth_Day,174627,2026-04-27T22:58:43Z
2026-04-22,8,Michael_(2026_film),161669,2026-04-27T22:58:43Z
2026-04-22,9,Dhurandhar:_The_Revenge,146608,2026-04-27T22:58:43Z
2026-04-22,10,David_Wilcock,144147,2026-04-27T22:58:43Z
2026-04-22,11,Liam_Rosenior,142545,2026-04-27T22:58:43Z
2026-04-22,12,Patrick_Muldoon,138041,2026-04-27T22:58:43Z
2026-04-22,14,The_Boys_season_5,129170,2026-04-27T22:58:43Z
2026-04-22,15,2026_Tamil_Nadu_Legislative_Assembly_election,126020,2026-04-27T22:58:43Z
2026-04-22,16,"Pigeon_Creek,_Ohio",115409,2026-04-27T22:58:43Z
2026-04-22,17,.xxx,113956,2026-04-27T22:58:43Z
2026-04-22,18,ChatGPT,107642,2026-04-27T22:58:43Z
2026-04-22,19,2026_West_Bengal_Legislative_Assembly_election,104620,2026-04-27T22:58:43Z
2026-04-22,20,Michael_Jackson,98349,2026-04-27T22:58:43Z
2026-04-22,21,Claudia_Doumit,97851,2026-04-27T22:58:43Z
2026-04-22,22,"Neatsville,_Kentucky",97336,2026-04-27T22:58:43Z
2026-04-22,23,D4vd,97060,2026-04-27T22:58:43Z
2026-04-22,24,Clayface_(film),95825,2026-04-27T22:58:43Z
2026-04-22,25,Jaafar_Jackson,92475,2026-04-27T22:58:43Z
2026-04-22,26,John_Ternus,89568,2026-04-27T22:58:43Z
2026-04-22,27,Bhooth_Bangla,88453,2026-04-27T22:58:43Z
2026-04-22,28,Limonene,85221,2026-04-27T22:58:43Z
2026-04-22,29,Beef_(TV_series),80457,2026-04-27T22:58:43Z
2026-04-22,30,Euphoria_(American_TV_series),77576,2026-04-27T22:58:43Z
2026-04-22,31,The_Boys_(TV_series),75202,2026-04-27T22:58:43Z
2026-04-22,32,2026_Virginia_redistricting_amendment,65797,2026-04-27T22:58:43Z
2026-04-22,33,Project_Hail_Mary_(film),65654,2026-04-27T22:58:43Z
2026-04-22,34,Anne_Hathaway,64578,2026-04-27T22:58:43Z
2026-04-22,35,Jack_Quaid,62935,2026-04-27T22:58:43Z
2026-04-22,36,Daredevil:_Born_Again_season_2,61614,2026-04-27T22:58:43Z
2026-04-22,37,David_Scott_(Georgia_politician),60524,2026-04-27T22:58:43Z
2026-04-22,38,Leicester_City_F.C.,60431,2026-04-27T22:58:43Z
2026-04-22,39,Invincible_(TV_series),59905,2026-04-27T22:58:43Z
2026-04-22,40,2026_Iran_war,59874,2026-04-27T22:58:43Z
2026-04-22,42,Alan_Osmond,58789,2026-04-27T22:58:43Z
2026-04-22,43,Lee_Cronin's_The_Mummy,57896,2026-04-27T22:58:43Z
2026-04-22,44,Kash_Patel,57293,2026-04-27T22:58:43Z
2026-04-22,45,Coyote_vs._Acme,56491,2026-04-27T22:58:43Z
2026-04-22,46,Nihilism,56415,2026-04-27T22:58:43Z
2026-04-22,47,Elsie_Kelly,55554,2026-04-27T22:58:43Z
2026-04-22,49,Anna's_Archive,53289,2026-04-27T22:58:43Z
2026-04-22,50,Clayface,51164,2026-04-27T22:58:43Z
2026-04-22,51,Charlize_Theron,51042,2026-04-27T22:58:43Z
2026-04-22,52,Youth_(2026_film),50633,2026-04-27T22:58:43Z
2026-04-22,53,Southern_Poverty_Law_Center,49657,2026-04-27T22:58:43Z
2026-04-22,54,Donald_Trump,49100,2026-04-27T22:58:43Z
2026-04-22,55,Patti_Davis,47472,2026-04-27T22:58:43Z
2026-04-22,56,2026_World_Snooker_Championship,47140,2026-04-27T22:58:43Z
2026-04-22,57,Invincible_season_4,46928,2026-04-27T22:58:43Z
2026-04-22,58,Michelle_McNamara,46918,2026-04-27T22:58:43Z
2026-04-22,59,Hung_Cao,46090,2026-04-27T22:58:43Z
2026-04-22,60,WrestleMania_42,45595,2026-04-27T22:58:43Z
2026-04-22,61,Sawyer_Sweeten,45473,2026-04-27T22:58:43Z
2026-04-22,62,Hulk_Hogan,45263,2026-04-27T22:58:43Z
2026-04-22,63,Tim_Cook,44694,2026-04-27T22:58:43Z
2026-04-22,64,2026_FIFA_World_Cup,44151,2026-04-27T22:58:43Z
2026-04-22,65,United_States,43998,2026-04-27T22:58:43Z
2026-04-22,66,XXX_(Kendrick_Lamar_song),43053,2026-04-27T22:58:43Z
2026-04-22,67,Jermaine_Jackson,42857,2026-04-27T22:58:43Z
2026-04-22,68,Elizabeth_Smart,42230,2026-04-27T22:58:43Z
2026-04-22,69,Julian_Casablancas,41599,2026-04-27T22:58:43Z
2026-04-22,70,2021_Tamil_Nadu_Legislative_Assembly_election,41110,2026-04-27T22:58:43Z
2026-04-22,71,YouTube,41040,2026-04-27T22:58:43Z
2026-04-22,72,The_Pitt,39957,2026-04-27T22:58:43Z
2026-04-22,73,Kevin_Warsh,39903,2026-04-27T22:58:43Z
2026-04-22,74,John_C._Phelan,38441,2026-04-27T22:58:43Z
2026-04-22,75,Daredevil:_Born_Again,38212,2026-04-27T22:58:43Z
2026-04-22,76,Instagram,38039,2026-04-27T22:58:43Z
2026-04-22,77,Russian_war_crimes,37956,2026-04-27T22:58:43Z
2026-04-22,78,Pragmata,37858,2026-04-27T22:58:43Z
2026-04-22,79,Killing_of_Celeste_Rivas_Hernandez,37362,2026-04-27T22:58:43Z
2026-04-22,80,Tiago_Splitter,36712,2026-04-27T22:58:43Z
2026-04-22,81,Calum_McFarlane,36599,2026-04-27T22:58:43Z
2026-04-22,82,The_Devil_Wears_Prada_2,35612,2026-04-27T22:58:43Z
2026-04-22,83,XXXX_(beer),35549,2026-04-27T22:58:43Z
2026-04-22,84,Patton_Oswalt,35512,2026-04-27T22:58:43Z
2026-04-22,85,Jami_Gertz,35410,2026-04-27T22:58:43Z
2026-04-22,86,2026_elections_in_India,35114,2026-04-27T22:58:43Z
2026-04-22,87,Luke_Kennard,34851,2026-04-27T22:58:43Z
2026-04-22,88,Unchosen,34537,2026-04-27T22:58:43Z
2026-04-22,89,The_Super_Mario_Galaxy_Movie,33821,2026-04-27T22:58:43Z
2026-04-22,90,From_(TV_series),33775,2026-04-27T22:58:43Z
2026-04-22,92,Jamie_Vardy,33425,2026-04-27T22:58:43Z
2026-04-22,93,The_Drama_(film),32578,2026-04-27T22:58:43Z
2026-04-22,94,Prince_(musician),32486,2026-04-27T22:58:43Z
2026-04-22,95,Justin_Bieber,32221,2026-04-27T22:58:43Z
2026-04-22,96,Chelsea_F.C.,32128,2026-04-27T22:58:43Z
2026-04-22,97,Tyson_Fury,31655,2026-04-27T22:58:43Z
2026-04-22,98,LeBron_James,31160,2026-04-27T22:58:43Z
2026-04-22,99,Tom_Rhys_Harries,30543,2026-04-27T22:58:43Z
2026-04-22,100,Hunter_Schafer,29978,2026-04-27T22:58:43Z
2026-04-22,101,Sydney_Sweeney,29958,2026-04-27T22:58:43Z
2026-04-22,102,Victor_Wembanyama,29713,2026-04-27T22:58:43Z
2026-04-22,103,Cailee_Spaeny,29688,2026-04-27T22:58:43Z
2026-04-22,104,.xyz,29659,2026-04-27T22:58:43Z
2026-04-22,105,Wikipedia,29597,2026-04-27T22:58:43Z
2026-04-22,106,Lewis_Hamilton,29336,2026-04-27T22:58:43Z
2026-04-22,107,Ansel_Adams,29148,2026-04-27T22:58:43Z
2026-04-22,108,Eleanor_of_Aquitaine,29061,2026-04-27T22:58:43Z
2026-04-22,109,Traffic_(band),29035,2026-04-27T22:58:43Z
2026-04-22,110,2026_Bulgarian_parliamentary_election,28455,2026-04-27T22:58:43Z
2026-04-22,111,Roommates_(2026_film),28318,2026-04-27T22:58:43Z
2026-04-22,112,Stanley_Tucci,28119,2026-04-27T22:58:43Z
2026-04-22,113,Margo's_Got_Money_Troubles,28029,2026-04-27T22:58:43Z
2026-04-22,114,Ratan_Khatri,28008,2026-04-27T22:58:43Z
2026-04-22,115,Cleopatra,27937,2026-04-27T22:58:43Z
2026-04-22,116,Sheila_Cherfilus-McCormick,27857,2026-04-27T22:58:43Z
2026-04-22,117,The_Testaments_(TV_series),27712,2026-04-27T22:58:43Z
2026-04-22,118,Elizabeth_II,27689,2026-04-27T22:58:43Z
2026-04-22,119,Jacob_Elordi,27600,2026-04-27T22:58:43Z
2026-04-22,120,XXX_(2002_film),27307,2026-04-27T22:58:43Z
2026-04-22,121,The_Osmonds,27257,2026-04-27T22:58:43Z
2026-04-22,122,Pladl_incest_and_murders,27255,2026-04-27T22:58:43Z
2026-04-22,123,Premier_League,27221,2026-04-27T22:58:43Z
2026-04-22,124,Zendaya,26941,2026-04-27T22:58:43Z
2026-04-22,126,Zara_Larsson,26848,2026-04-27T22:58:43Z
2026-04-22,127,Katherine_Jackson,26683,2026-04-27T22:58:43Z
2026-04-22,128,Aubrey_Plaza,26266,2026-04-27T22:58:43Z
2026-04-22,129,Jeff_Bezos,26254,2026-04-27T22:58:43Z
2026-04-22,130,James_Tavernier,26102,2026-04-27T22:58:43Z
2026-04-22,131,Charles_Melton,25679,2026-04-27T22:58:43Z
2026-04-22,132,Tucker_Carlson,25546,2026-04-27T22:58:43Z
2026-04-22,134,Progressive_Bulgaria,25495,2026-04-27T22:58:43Z
2026-04-22,135,Death_of_Celeste_Rivas_Hernandez,25379,2026-04-27T22:58:43Z
2026-04-22,136,World_War_II,25331,2026-04-27T22:58:43Z
2026-04-22,137,Intellectual_giftedness,25300,2026-04-27T22:58:43Z
2026-04-22,138,Wordle,25298,2026-04-27T22:58:43Z
2026-04-22,139,Blue_Film_(2025_film),25134,2026-04-27T22:58:43Z
2026-04-22,140,Scoot_Henderson,25098,2026-04-27T22:58:43Z
2026-04-22,141,Olly_Robbins,25020,2026-04-27T22:58:43Z
2026-04-22,142,V._J._Edgecombe,25016,2026-04-27T22:58:43Z
2026-04-22,143,Brock_Lesnar,24986,2026-04-27T22:58:43Z
2026-04-22,144,Zoë_Kravitz,24676,2026-04-27T22:58:43Z
2026-04-22,145,Storage_Wars,24368,2026-04-27T22:58:43Z
2026-04-22,147,Opinion_polling_for_the_next_United_Kingdom_general_election,24014,2026-04-27T22:58:43Z
2026-04-22,148,Adolf_Hitler,23985,2026-04-27T22:58:43Z
2026-04-22,149,John_Kerry,23897,2026-04-27T22:58:43Z
2026-04-22,150,2021_West_Bengal_Legislative_Assembly_election,23846,2026-04-27T22:58:43Z
2026-04-22,151,Cristiano_Ronaldo,23695,2026-04-27T22:58:43Z
2026-04-22,152,Gregg_Foreman,23685,2026-04-27T22:58:43Z
2026-04-22,153,Denise_Richards,23624,2026-04-27T22:58:43Z
2026-04-22,154,April_22,23614,2026-04-27T22:58:43Z
2026-04-22,155,Kevin_Durant,23596,2026-04-27T22:58:43Z
2026-04-22,156,Kleine-Levin_syndrome,23536,2026-04-27T22:58:43Z
2026-04-22,157,Facebook,23473,2026-04-27T22:58:43Z
2026-04-22,158,Sorcha_Eastwood,23367,2026-04-27T22:58:43Z
2026-04-22,159,EFL_Championship,23324,2026-04-27T22:58:43Z
2026-04-22,160,John_Casablancas,22977,2026-04-27T22:58:43Z
2026-04-22,161,Joe_Jackson_(talent_manager),22965,2026-04-27T22:58:43Z
2026-04-22,162,Dennis_Quaid,22826,2026-04-27T22:58:43Z
2026-04-22,163,2025–26_Premier_League,22785,2026-04-27T22:58:43Z
2026-04-22,164,Columbine_High_School_massacre,22560,2026-04-27T22:58:43Z
2026-04-22,165,Carey_Mulligan,22337,2026-04-27T22:58:43Z
2026-04-22,166,J._Robert_Oppenheimer,22323,2026-04-27T22:58:43Z
2026-04-22,167,In-N-Out_Burger,22322,2026-04-27T22:58:43Z
2026-04-22,168,Oscar_Isaac,22226,2026-04-27T22:58:43Z
2026-04-22,169,Marcus_Smart,22202,2026-04-27T22:58:43Z
2026-04-22,170,NBC_Sports,22125,2026-04-27T22:58:43Z
2026-04-22,171,Project_Hail_Mary,22123,2026-04-27T22:58:43Z
2026-04-22,172,Oba_Femi,22081,2026-04-27T22:58:43Z
2026-04-22,173,Google_Chrome,22051,2026-04-27T22:58:43Z
2026-04-22,174,Jackson_family,22042,2026-04-27T22:58:43Z
2026-04-22,175,2026_in_film,22000,2026-04-27T22:58:43Z
2026-04-22,176,Steve_Jobs,21922,2026-04-27T22:58:43Z
2026-04-22,177,Chernobyl_disaster,21675,2026-04-27T22:58:43Z
2026-04-22,178,2018_Horizon_Air_Bombardier_Q400_incident,21637,2026-04-27T22:58:43Z
2026-04-22,179,Paris_Jackson,21470,2026-04-27T22:58:43Z
2026-04-22,180,Dianna_Russini,21276,2026-04-27T22:58:43Z
2026-04-22,181,Dynatrace,21211,2026-04-27T22:58:43Z
2026-04-22,182,Jimmy_Bullard,21071,2026-04-27T22:58:43Z
2026-04-22,183,Jeffrey_Epstein,21062,2026-04-27T22:58:43Z
2026-04-22,184,2026_Kerala_Legislative_Assembly_election,21004,2026-04-27T22:58:43Z
2026-04-22,185,Jessica_Jones,20975,2026-04-27T22:58:43Z
2026-04-22,186,Mother_Mary_(2026_film),20962,2026-04-27T22:58:43Z
2026-04-22,187,Emily_Blunt,20938,2026-04-27T22:58:43Z
2026-04-22,188,Alexis_Wilkins,20900,2026-04-27T22:58:43Z
2026-04-22,189,The_Devil_Wears_Prada_(film),20850,2026-04-27T22:58:43Z
2026-04-22,190,Avatar_Aang:_The_Last_Airbender,20692,2026-04-27T22:58:43Z
2026-04-22,191,Google,20680,2026-04-27T22:58:43Z
2026-04-22,192,Administrative_Professionals_Day,20675,2026-04-27T22:58:43Z
2026-04-22,193,Ashley_Roberts,20557,2026-04-27T22:58:43Z
2026-04-22,194,Taylor_Dearden,20489,2026-04-27T22:58:43Z
2026-04-22,196,Practical_Magic,20334,2026-04-27T22:58:43Z
2026-04-22,197,2025–26_EFL_Championship,20316,2026-04-27T22:58:43Z
2026-04-22,198,Raja_Shivaji_(film),20294,2026-04-27T22:58:43Z
2026-04-22,199,Rayan_Cherki,20285,2026-04-27T22:58:43Z
2026-04-22,200,2026_United_States_House_of_Representatives_elections,20105,2026-04-27T22:58:43Z
2026-04-22,201,XXX:_Return_of_Xander_Cage,19968,2026-04-27T22:58:43Z
2026-04-22,202,Madonna,19945,2026-04-27T22:58:43Z
2026-04-22,203,Biggest_ball_of_twine,19943,2026-04-27T22:58:43Z
2026-04-22,204,Strait_of_Hormuz,19879,2026-04-27T22:58:43Z
2026-04-22,205,Xavier_Becerra,19858,2026-04-27T22:58:43Z
2026-04-22,206,XNXX,19823,2026-04-27T22:58:43Z
2026-04-22,208,Meg_Ryan,19757,2026-04-27T22:58:43Z
2026-04-22,209,Colman_Domingo,19713,2026-04-27T22:58:43Z
2026-04-22,210,United_Kingdom,19686,2026-04-27T22:58:43Z
2026-04-22,211,JD_Vance,19678,2026-04-27T22:58:43Z
2026-04-22,212,Brooklyn,19647,2026-04-27T22:58:43Z
2026-04-22,213,Lori_Chavez-DeRemer,19543,2026-04-27T22:58:43Z
2026-04-21,3,Nahui_Ollin,909531,2026-04-27T22:58:43Z
2026-04-21,4,John_Ternus,413418,2026-04-27T22:58:43Z
2026-04-21,6,Patrick_Muldoon,252759,2026-04-27T22:58:43Z
2026-04-21,7,Patti_Davis,178454,2026-04-27T22:58:43Z
2026-04-21,8,D4vd,164758,2026-04-27T22:58:43Z
2026-04-21,9,Tim_Cook,159781,2026-04-27T22:58:43Z
2026-04-21,10,Alan_Osmond,153008,2026-04-27T22:58:43Z
2026-04-21,12,.xxx,139782,2026-04-27T22:58:43Z
2026-04-21,13,Dhurandhar:_The_Revenge,136551,2026-04-27T22:58:43Z
2026-04-21,15,Olly_Robbins,119550,2026-04-27T22:58:43Z
2026-04-21,16,Michael_(2026_film),113819,2026-04-27T22:58:43Z
2026-04-21,17,Euphoria_(American_TV_series),109624,2026-04-27T22:58:43Z
2026-04-21,18,ChatGPT,106511,2026-04-27T22:58:43Z
2026-04-21,19,"Belvidere,_Kansas",101802,2026-04-27T22:58:43Z
2026-04-21,20,Slovenia_at_the_2016_European_Athletics_Championships,100526,2026-04-27T22:58:43Z
2026-04-21,21,Bhooth_Bangla,98895,2026-04-27T22:58:43Z
2026-04-21,22,Bomis,97816,2026-04-27T22:58:43Z
2026-04-21,23,Beef_(TV_series),96784,2026-04-27T22:58:43Z
2026-04-21,24,Kevin_Warsh,96740,2026-04-27T22:58:43Z
2026-04-21,25,Lori_Chavez-DeRemer,92042,2026-04-27T22:58:43Z
2026-04-21,26,WrestleMania_42,91865,2026-04-27T22:58:43Z
2026-04-21,27,2026_Tamil_Nadu_Legislative_Assembly_election,88967,2026-04-27T22:58:43Z
2026-04-21,28,2026_West_Bengal_Legislative_Assembly_election,80549,2026-04-27T22:58:43Z
2026-04-21,29,Jami_Gertz,79342,2026-04-27T22:58:43Z
2026-04-21,30,"Neatsville,_Kentucky",74744,2026-04-27T22:58:43Z
2026-04-21,31,Claudia_Doumit,74427,2026-04-27T22:58:43Z
2026-04-21,32,Lee_Cronin's_The_Mummy,69645,2026-04-27T22:58:43Z
2026-04-21,33,Anne_Hathaway,69388,2026-04-27T22:58:43Z
2026-04-21,34,Project_Hail_Mary_(film),66022,2026-04-27T22:58:43Z
2026-04-21,35,Limonene,65937,2026-04-27T22:58:43Z
2026-04-21,36,2026_Iran_war,63814,2026-04-27T22:58:43Z
2026-04-21,37,Death_of_Celeste_Rivas_Hernandez,62747,2026-04-27T22:58:43Z
2026-04-21,39,Prince_(musician),61375,2026-04-27T22:58:43Z
2026-04-21,40,Michael_Jackson,60858,2026-04-27T22:58:43Z
2026-04-21,41,Sheila_Cherfilus-McCormick,60439,2026-04-27T22:58:43Z
2026-04-21,42,Youth_(2026_film),60436,2026-04-27T22:58:43Z
2026-04-21,43,Jaafar_Jackson,59290,2026-04-27T22:58:43Z
2026-04-21,44,Elizabeth_II,58032,2026-04-27T22:58:43Z
2026-04-21,45,The_Osmonds,57844,2026-04-27T22:58:43Z
2026-04-21,46,Anna's_Archive,54881,2026-04-27T22:58:43Z
2026-04-21,47,Brock_Lesnar,54674,2026-04-27T22:58:43Z
2026-04-21,48,Steve_Jobs,50881,2026-04-27T22:58:43Z
2026-04-21,49,Donald_Trump,48768,2026-04-27T22:58:43Z
2026-04-21,50,Large_low-shear-velocity_provinces,48678,2026-04-27T22:58:43Z
2026-04-21,51,Pragmata,48638,2026-04-27T22:58:43Z
2026-04-21,52,Jack_Quaid,46644,2026-04-27T22:58:43Z
2026-04-21,53,The_Pitt,45749,2026-04-27T22:58:43Z
2026-04-21,54,Backlash_(2026),44896,2026-04-27T22:58:43Z
2026-04-21,55,Practical_Magic_2,44485,2026-04-27T22:58:43Z
2026-04-21,56,Oba_Femi,44293,2026-04-27T22:58:43Z
2026-04-21,57,United_States,43906,2026-04-27T22:58:43Z
2026-04-21,58,Kash_Patel,43643,2026-04-27T22:58:43Z
2026-04-21,59,YouTube,43207,2026-04-27T22:58:43Z
2026-04-21,60,Anna_Maxwell_Martin,42783,2026-04-27T22:58:43Z
2026-04-21,61,Practical_Magic,42782,2026-04-27T22:58:43Z
2026-04-21,62,2026_World_Snooker_Championship,42216,2026-04-27T22:58:43Z
2026-04-21,63,Zarah_Sultana,41767,2026-04-27T22:58:43Z
2026-04-21,64,CJ_McCollum,41441,2026-04-27T22:58:43Z
2026-04-21,65,The_Boys_(TV_series),41328,2026-04-27T22:58:43Z
2026-04-21,66,The_Boys_season_5,40617,2026-04-27T22:58:43Z
2026-04-21,67,From_(TV_series),40531,2026-04-27T22:58:43Z
2026-04-21,68,Justin_Bieber,40142,2026-04-27T22:58:43Z
2026-04-21,69,2026_FIFA_World_Cup,40107,2026-04-27T22:58:43Z
2026-04-21,70,Liam_Rosenior,39834,2026-04-27T22:58:43Z
2026-04-21,71,Tony_Ressler,39008,2026-04-27T22:58:43Z
2026-04-21,72,The_Devil_Wears_Prada_2,38854,2026-04-27T22:58:43Z
2026-04-21,73,Instagram,37792,2026-04-27T22:58:43Z
2026-04-21,74,Karren_Brady,37733,2026-04-27T22:58:43Z
2026-04-21,75,Hunter_Schafer,37441,2026-04-27T22:58:43Z
2026-04-21,76,Apple_Inc.,37430,2026-04-27T22:58:43Z
2026-04-21,77,The_Drama_(film),36978,2026-04-27T22:58:43Z
2026-04-21,78,Roommates_(2026_film),36883,2026-04-27T22:58:43Z
2026-04-21,79,Sydney_Sweeney,36543,2026-04-27T22:58:43Z
2026-04-21,80,Victor_Wembanyama,36413,2026-04-27T22:58:43Z
2026-04-21,81,Wayne_Osmond,36260,2026-04-27T22:58:43Z
2026-04-21,82,XXX_(Kendrick_Lamar_song),35893,2026-04-27T22:58:43Z
2026-04-21,83,Lea_Hinz,35757,2026-04-27T22:58:43Z
2026-04-21,84,Columbine_High_School_massacre,35687,2026-04-27T22:58:43Z
2026-04-21,85,Cailee_Spaeny,35683,2026-04-27T22:58:43Z
2026-04-21,86,Roman_Reigns,35046,2026-04-27T22:58:43Z
2026-04-21,87,XXX:_Return_of_Xander_Cage,34903,2026-04-27T22:58:43Z
2026-04-21,88,The_Super_Mario_Galaxy_Movie,34831,2026-04-27T22:58:43Z
2026-04-21,89,Donny_Osmond,34737,2026-04-27T22:58:43Z
2026-04-21,90,2026_Bulgarian_parliamentary_election,34493,2026-04-27T22:58:43Z
2026-04-21,91,Jennifer_Hudson,34177,2026-04-27T22:58:43Z
2026-04-21,92,Porter_Martone,34012,2026-04-27T22:58:43Z
2026-04-21,93,Adolf_Hitler,33561,2026-04-27T22:58:43Z
2026-04-21,94,.xyz,31865,2026-04-27T22:58:43Z
2026-04-21,95,Killing_of_Celeste_Rivas_Hernandez,31858,2026-04-27T22:58:43Z
2026-04-21,96,Peter_Mandelson,31523,2026-04-27T22:58:43Z
2026-04-21,97,Roy_Cohn,31114,2026-04-27T22:58:43Z
2026-04-21,98,Leicester_City_F.C.,30830,2026-04-27T22:58:43Z
2026-04-21,99,Charles_Melton,30723,2026-04-27T22:58:43Z
2026-04-21,100,Teotihuacan,30583,2026-04-27T22:58:43Z
2026-04-21,101,Taylor_Dearden,30401,2026-04-27T22:58:43Z
2026-04-21,102,Zendaya,29941,2026-04-27T22:58:43Z
2026-04-21,103,Sol_Ruca,29902,2026-04-27T22:58:43Z
2026-04-21,104,Jane_Lauder,29817,2026-04-27T22:58:43Z
2026-04-21,105,Raja_Shivaji_(film),29227,2026-04-27T22:58:43Z
2026-04-21,107,Merrill_Osmond,28899,2026-04-27T22:58:43Z
2026-04-21,108,Madonna,28821,2026-04-27T22:58:43Z
2026-04-21,110,Ansel_Adams,28721,2026-04-27T22:58:43Z
2026-04-21,111,Wikipedia,28698,2026-04-27T22:58:43Z
2026-04-21,112,1win,28661,2026-04-27T22:58:43Z
2026-04-21,113,Pladl_incest_and_murders,28591,2026-04-27T22:58:43Z
2026-04-21,114,Cleopatra,28426,2026-04-27T22:58:43Z
2026-04-21,115,Ringo_Starr,28373,2026-04-27T22:58:43Z
2026-04-21,116,Pornography_addiction,28183,2026-04-27T22:58:43Z
2026-04-21,117,Ratan_Khatri,28115,2026-04-27T22:58:43Z
2026-04-21,118,"Matthew_Doyle,_Baron_Doyle",28061,2026-04-27T22:58:43Z
2026-04-21,119,Jermaine_Jackson,28014,2026-04-27T22:58:43Z
2026-04-21,120,Jacob_Fatu,27952,2026-04-27T22:58:43Z
2026-04-21,121,Suicide_of_Bill_Conradt,27698,2026-04-27T22:58:43Z
2026-04-21,123,XXXX_(beer),26985,2026-04-27T22:58:43Z
2026-04-21,124,Russian_war_crimes,26957,2026-04-27T22:58:43Z
2026-04-21,125,David_Wilcock,26924,2026-04-27T22:58:43Z
2026-04-21,126,Invincible_(TV_series),26802,2026-04-27T22:58:43Z
2026-04-21,127,Temple_of_ECK,26621,2026-04-27T22:58:43Z
2026-04-21,128,Oscar_Isaac,26603,2026-04-27T22:58:43Z
2026-04-21,129,Carey_Mulligan,26498,2026-04-27T22:58:43Z
2026-04-21,130,Ethan_Page,26318,2026-04-27T22:58:43Z
2026-04-21,131,Charlize_Theron,26242,2026-04-27T22:58:43Z
2026-04-21,132,Stanley_Tucci,26219,2026-04-27T22:58:43Z
2026-04-21,133,XXX_(2002_film),25690,2026-04-27T22:58:43Z
2026-04-21,134,Mike_Vrabel,25579,2026-04-27T22:58:43Z
2026-04-21,135,World_War_II,25391,2026-04-27T22:58:43Z
2026-04-21,136,Marie_Osmond,25346,2026-04-27T22:58:43Z
2026-04-21,137,Dan_Riccio,25299,2026-04-27T22:58:43Z
2026-04-21,138,Xavier_Becerra,25276,2026-04-27T22:58:43Z
2026-04-21,139,"Avatar:_Aang,_The_Last_Airbender",25207,2026-04-27T22:58:43Z
2026-04-21,140,Jimmy_Osmond,25172,2026-04-27T22:58:43Z
2026-04-21,141,Facebook,25122,2026-04-27T22:58:43Z
2026-04-21,142,Wordle,25081,2026-04-27T22:58:43Z
2026-04-21,143,Roger_Michell,25011,2026-04-27T22:58:43Z
2026-04-21,144,Sinestro_Corps_War,24832,2026-04-27T22:58:43Z
2026-04-21,145,Alex_Karp,24760,2026-04-27T22:58:43Z
2026-04-21,146,Emily_Thornberry,24741,2026-04-27T22:58:43Z
2026-04-21,147,Dianna_Russini,24733,2026-04-27T22:58:43Z
2026-04-21,148,Tyson_Fury,24706,2026-04-27T22:58:43Z
2026-04-21,149,Jimmy_Bullard,24659,2026-04-27T22:58:43Z
2026-04-21,150,Star_Wars:_Maul_–_Shadow_Lord,24624,2026-04-27T22:58:43Z
2026-04-21,151,Opinion_polling_for_the_next_United_Kingdom_general_election,24525,2026-04-27T22:58:43Z
2026-04-21,152,Dan_Caine,24486,2026-04-27T22:58:43Z
2026-04-21,153,420_(cannabis_culture),24476,2026-04-27T22:58:43Z
2026-04-21,154,Coachella_2026,24383,2026-04-27T22:58:43Z
2026-04-21,155,2021_Tamil_Nadu_Legislative_Assembly_election,23953,2026-04-27T22:58:43Z
2026-04-21,157,Jay_Osmond,23818,2026-04-27T22:58:43Z
2026-04-21,158,Blue_Film_(2025_film),23615,2026-04-27T22:58:43Z
2026-04-21,159,Jeff_Bezos,23380,2026-04-27T22:58:43Z
2026-04-21,160,Tucker_Carlson,23142,2026-04-27T22:58:43Z
2026-04-21,161,Julian_Casablancas,23132,2026-04-27T22:58:43Z
2026-04-21,162,April_21,23055,2026-04-27T22:58:43Z
2026-04-21,163,2026_in_film,23026,2026-04-27T22:58:43Z
2026-04-21,164,NBC_Sports,22959,2026-04-27T22:58:43Z
2026-04-21,165,Billy_Donovan,22919,2026-04-27T22:58:43Z
2026-04-21,166,2026_elections_in_India,22882,2026-04-27T22:58:43Z
2026-04-21,167,Cristiano_Ronaldo,22758,2026-04-27T22:58:43Z
2026-04-21,168,Unchosen,22681,2026-04-27T22:58:43Z
2026-04-21,169,Hailey_Bieber,22583,2026-04-27T22:58:43Z
2026-04-21,170,Project_Hail_Mary,22512,2026-04-27T22:58:43Z
2026-04-21,171,Jeffrey_Epstein,22343,2026-04-27T22:58:43Z
2026-04-21,172,Daredevil:_Born_Again_season_2,22320,2026-04-27T22:58:43Z
2026-04-21,173,JD_Vance,22170,2026-04-27T22:58:43Z
2026-04-21,175,Infowars,22058,2026-04-27T22:58:43Z
2026-04-21,176,Evil_Dead_Burn,22040,2026-04-27T22:58:43Z
2026-04-21,177,Margo's_Got_Money_Troubles,21988,2026-04-27T22:58:43Z
2026-04-21,178,Earth_Day,21937,2026-04-27T22:58:43Z
2026-04-21,179,Google_Chrome,21737,2026-04-27T22:58:43Z
2026-04-21,180,Mother_Mary_(2026_film),21618,2026-04-27T22:58:43Z
2026-04-21,181,Dynatrace,21582,2026-04-27T22:58:43Z
2026-04-21,182,Lena_Dunham,21574,2026-04-27T22:58:43Z
2026-04-21,183,Samuel_Bateman,21504,2026-04-27T22:58:43Z
2026-04-21,184,Barack_Obama,21396,2026-04-27T22:58:43Z
2026-04-21,185,Cory_Mills,21239,2026-04-27T22:58:43Z
2026-04-21,187,Street_Fighter_(2026_film),21212,2026-04-27T22:58:43Z
2026-04-21,188,Warren_Jeffs,21210,2026-04-27T22:58:43Z
2026-04-21,189,Eckankar,21200,2026-04-27T22:58:43Z
2026-04-21,190,King_C._Gillette,21182,2026-04-27T22:58:43Z
2026-04-21,191,The_Testaments_(TV_series),21005,2026-04-27T22:58:43Z
2026-04-21,192,Charles_III,20995,2026-04-27T22:58:43Z
2026-04-21,193,Eric_Dane,20968,2026-04-27T22:58:43Z
2026-04-21,194,2026_Teotihuacan_pyramids_shooting,20854,2026-04-27T22:58:43Z
2026-04-21,195,Sabrina_Carpenter,20679,2026-04-27T22:58:43Z
2026-04-21,196,Premier_League,20644,2026-04-27T22:58:43Z
2026-04-21,197,The_Devil_Wears_Prada_(film),20623,2026-04-27T22:58:43Z
2026-04-21,198,Chernobyl_disaster,20608,2026-04-27T22:58:43Z
2026-04-21,199,Google,20607,2026-04-27T22:58:43Z
2026-04-21,200,Percomorpha,20412,2026-04-27T22:58:43Z
2026-04-21,201,A_Woman_of_Substance_(2026_TV_series),20383,2026-04-27T22:58:43Z
2026-04-21,202,Brooklyn,20261,2026-04-27T22:58:43Z
2026-04-21,203,2026_California_gubernatorial_election,20235,2026-04-27T22:58:43Z
2026-04-21,204,Angus_Cloud,20228,2026-04-27T22:58:43Z
2026-04-21,205,Chelsea_Clinton,20150,2026-04-27T22:58:43Z
2026-04-21,206,Péter_Magyar,19958,2026-04-27T22:58:43Z
2026-04-21,207,Zoë_Kravitz,19893,2026-04-27T22:58:43Z
2026-04-21,208,2026_Virginia_redistricting_amendment,19795,2026-04-27T22:58:43Z
2026-04-21,209,George_W._Bush,19715,2026-04-27T22:58:43Z
2026-04-21,210,Vaazha_II:_Biopic_of_a_Billion_Bros,19692,2026-04-27T22:58:43Z
2026-04-21,211,Something_Very_Bad_Is_Going_to_Happen,19688,2026-04-27T22:58:43Z
2026-04-21,213,Celeste_Rivas_Hernandez,19671,2026-04-27T22:58:43Z
2026-04-20,3,Nahui_Ollin,858084,2026-04-27T22:58:43Z
2026-04-20,4,WrestleMania_42,627138,2026-04-27T22:58:43Z
2026-04-20,5,Patrick_Muldoon,557394,2026-04-27T22:58:43Z
2026-04-20,7,John_Ternus,264850,2026-04-27T22:58:43Z
2026-04-20,8,.xxx,151125,2026-04-27T22:58:43Z
2026-04-20,9,Euphoria_(American_TV_series),148994,2026-04-27T22:58:43Z
2026-04-20,10,2026_Bulgarian_parliamentary_election,145729,2026-04-27T22:58:43Z
2026-04-20,12,Dhurandhar:_The_Revenge,139792,2026-04-27T22:58:43Z
2026-04-20,13,D4vd,137656,2026-04-27T22:58:43Z
2026-04-20,15,Brock_Lesnar,126890,2026-04-27T22:58:43Z
2026-04-20,16,Bhooth_Bangla,123457,2026-04-27T22:58:43Z
2026-04-20,17,Homosexuality_in_Japan,119617,2026-04-27T22:58:43Z
2026-04-20,18,ChatGPT,115942,2026-04-27T22:58:43Z
2026-04-20,19,Beef_(TV_series),110781,2026-04-27T22:58:43Z
2026-04-20,20,"Neatsville,_Kentucky",106157,2026-04-27T22:58:43Z
2026-04-20,21,Limonene,105122,2026-04-27T22:58:43Z
2026-04-20,22,The_Day_Shall_Dawn,104298,2026-04-27T22:58:43Z
2026-04-20,23,Koje_Unscreened,102573,2026-04-27T22:58:43Z
2026-04-20,24,Lee_Cronin's_The_Mummy,100299,2026-04-27T22:58:43Z
2026-04-20,25,Roman_Reigns,93864,2026-04-27T22:58:43Z
2026-04-20,26,Sarcophagus_of_Berardo_Maggi,93570,2026-04-27T22:58:43Z
2026-04-20,27,Stan_Moody,86016,2026-04-27T22:58:43Z
2026-04-20,28,Project_Hail_Mary_(film),81680,2026-04-27T22:58:43Z
2026-04-20,29,Tim_Cook,81660,2026-04-27T22:58:43Z
2026-04-20,30,Oba_Femi,80271,2026-04-27T22:58:43Z
2026-04-20,31,2026_West_Bengal_Legislative_Assembly_election,74801,2026-04-27T22:58:43Z
2026-04-20,32,Youth_(2026_film),72330,2026-04-27T22:58:43Z
2026-04-20,33,Death_of_Celeste_Rivas_Hernandez,69846,2026-04-27T22:58:43Z
2026-04-20,34,2026_Tamil_Nadu_Legislative_Assembly_election,67264,2026-04-27T22:58:43Z
2026-04-20,35,2026_Iran_war,66104,2026-04-27T22:58:43Z
2026-04-20,37,Progressive_Bulgaria,62748,2026-04-27T22:58:43Z
2026-04-20,38,Victor_Wembanyama,62647,2026-04-27T22:58:43Z
2026-04-20,39,Productivity_paradox,61973,2026-04-27T22:58:43Z
2026-04-20,40,CM_Punk,60802,2026-04-27T22:58:43Z
2026-04-20,41,Justin_Bieber,59217,2026-04-27T22:58:43Z
2026-04-20,42,Pragmata,58533,2026-04-27T22:58:43Z
2026-04-20,43,Anna's_Archive,57146,2026-04-27T22:58:43Z
2026-04-20,44,420_(cannabis_culture),55561,2026-04-27T22:58:43Z
2026-04-20,45,The_Pitt,55128,2026-04-27T22:58:43Z
2026-04-20,46,Rumen_Radev,53543,2026-04-27T22:58:43Z
2026-04-20,47,Adolf_Hitler,50779,2026-04-27T22:58:43Z
2026-04-20,48,From_(TV_series),47149,2026-04-27T22:58:43Z
2026-04-20,49,YouTube,47064,2026-04-27T22:58:43Z
2026-04-20,50,Roommates_(2026_film),46435,2026-04-27T22:58:43Z
2026-04-20,51,Donald_Trump,45155,2026-04-27T22:58:43Z
2026-04-20,52,Kash_Patel,43834,2026-04-27T22:58:43Z
2026-04-20,53,Desmond_Morris,43548,2026-04-27T22:58:43Z
2026-04-20,54,Hunter_Schafer,43528,2026-04-27T22:58:43Z
2026-04-20,55,2026_Shreveport_shooting,43493,2026-04-27T22:58:43Z
2026-04-20,56,The_Super_Mario_Galaxy_Movie,43114,2026-04-27T22:58:43Z
2026-04-20,57,Cailee_Spaeny,43037,2026-04-27T22:58:43Z
2026-04-20,58,Michael_(2026_film),42973,2026-04-27T22:58:43Z
2026-04-20,59,Lori_Chavez-DeRemer,42599,2026-04-27T22:58:43Z
2026-04-20,60,United_States,42588,2026-04-27T22:58:43Z
2026-04-20,61,Sci-Fi_Dine-In_Theater_Restaurant,42404,2026-04-27T22:58:43Z
2026-04-20,62,2026_World_Snooker_Championship,42232,2026-04-27T22:58:43Z
2026-04-20,63,Charlize_Theron,41439,2026-04-27T22:58:43Z
2026-04-20,64,2026_FIFA_World_Cup,41436,2026-04-27T22:58:43Z
2026-04-20,65,The_Boys_season_5,41313,2026-04-27T22:58:43Z
2026-04-20,66,Columbine_High_School_massacre,40989,2026-04-27T22:58:43Z
2026-04-20,67,The_Boys_(TV_series),40619,2026-04-27T22:58:43Z
2026-04-20,68,XXX_(Kendrick_Lamar_song),38693,2026-04-27T22:58:43Z
2026-04-20,69,The_Drama_(film),38082,2026-04-27T22:58:43Z
2026-04-20,70,Charles_Melton,37966,2026-04-27T22:58:43Z
2026-04-20,71,Michael_Jackson,37775,2026-04-27T22:58:43Z
2026-04-20,72,Coachella_2026,37089,2026-04-27T22:58:43Z
2026-04-20,73,Rhea_Ripley,36624,2026-04-27T22:58:43Z
2026-04-20,74,Deni_Avdija,36295,2026-04-27T22:58:43Z
2026-04-20,75,Practical_Magic_2,36219,2026-04-27T22:58:43Z
2026-04-20,76,Instagram,36146,2026-04-27T22:58:43Z
2026-04-20,77,"Avatar:_Aang,_The_Last_Airbender",35499,2026-04-27T22:58:43Z
2026-04-20,78,Zendaya,35479,2026-04-27T22:58:43Z
2026-04-20,79,Jaafar_Jackson,34865,2026-04-27T22:58:43Z
2026-04-20,80,Matt_Fitzpatrick,34596,2026-04-27T22:58:43Z
2026-04-20,81,Rayan_Cherki,34330,2026-04-27T22:58:43Z
2026-04-20,82,Trick_Williams,34123,2026-04-27T22:58:43Z
2026-04-20,83,Julian_Casablancas,34122,2026-04-27T22:58:43Z
2026-04-20,84,Billie_Eilish,33971,2026-04-27T22:58:43Z
2026-04-20,85,Pladl_incest_and_murders,33889,2026-04-27T22:58:43Z
2026-04-20,86,April_20,33401,2026-04-27T22:58:43Z
2026-04-20,87,WrestleMania_41,33335,2026-04-27T22:58:43Z
2026-04-20,88,Hailey_Bieber,33288,2026-04-27T22:58:43Z
2026-04-20,89,Project_Hail_Mary,33170,2026-04-27T22:58:43Z
2026-04-20,90,Karst,33000,2026-04-27T22:58:43Z
2026-04-20,91,Sydney_Sweeney,32954,2026-04-27T22:58:43Z
2026-04-20,92,Russian_war_crimes,32670,2026-04-27T22:58:43Z
2026-04-20,93,Patriots'_Day,32636,2026-04-27T22:58:43Z
2026-04-20,94,Madonna,31955,2026-04-27T22:58:43Z
2026-04-20,95,Saraya_Bevis,31428,2026-04-27T22:58:43Z
2026-04-20,96,1win,31256,2026-04-27T22:58:43Z
2026-04-20,97,Star_Wars:_Maul_–_Shadow_Lord,31195,2026-04-27T22:58:43Z
2026-04-20,98,Street_Fighter_(2026_film),30868,2026-04-27T22:58:43Z
2026-04-20,99,Harry_Kane,30644,2026-04-27T22:58:43Z
2026-04-20,100,Cleopatra,29834,2026-04-27T22:58:43Z
2026-04-20,101,Practical_Magic,29819,2026-04-27T22:58:43Z
2026-04-20,102,Anne_Hathaway,29571,2026-04-27T22:58:43Z
2026-04-20,103,Samuel_Bateman,29353,2026-04-27T22:58:43Z
2026-04-20,104,Ansel_Adams,29274,2026-04-27T22:58:43Z
2026-04-20,105,Carey_Mulligan,29261,2026-04-27T22:58:43Z
2026-04-20,107,Wikipedia,28893,2026-04-27T22:58:43Z
2026-04-20,108,Zarah_Sultana,28884,2026-04-27T22:58:43Z
2026-04-20,109,Tage_Thompson,28233,2026-04-27T22:58:43Z
2026-04-20,111,World_Heavyweight_Championship_(WWE),27425,2026-04-27T22:58:43Z
2026-04-20,112,Danhausen_(wrestler),27414,2026-04-27T22:58:43Z
2026-04-20,113,Invincible_(TV_series),27379,2026-04-27T22:58:43Z
2026-04-20,114,Eric_Dane,27307,2026-04-27T22:58:43Z
2026-04-20,115,Strait_of_Hormuz,26983,2026-04-27T22:58:43Z
2026-04-20,116,Oscar_Isaac,26838,2026-04-27T22:58:43Z
2026-04-20,117,Chernobyl_disaster,26670,2026-04-27T22:58:43Z
2026-04-20,118,XXX_(2002_film),26587,2026-04-27T22:58:43Z
2026-04-20,119,The_Strokes,26574,2026-04-27T22:58:43Z
2026-04-20,120,Tyson_Fury,26430,2026-04-27T22:58:43Z
2026-04-20,121,2026_in_film,26415,2026-04-27T22:58:43Z
2026-04-20,122,Ratan_Khatri,26323,2026-04-27T22:58:43Z
2026-04-20,123,Backlash_(2026),26321,2026-04-27T22:58:43Z
2026-04-20,124,Warren_Jeffs,25973,2026-04-27T22:58:43Z
2026-04-20,125,Tim_Duncan,25871,2026-04-27T22:58:43Z
2026-04-20,126,AJ_Lee,25814,2026-04-27T22:58:43Z
2026-04-20,127,Rooster_(TV_series),25702,2026-04-27T22:58:43Z
2026-04-20,128,Coachella,25692,2026-04-27T22:58:43Z
2026-04-20,129,Peter_Mandelson,25650,2026-04-27T22:58:43Z
2026-04-20,130,Margo's_Got_Money_Troubles,25536,2026-04-27T22:58:43Z
2026-04-20,131,World_War_II,24971,2026-04-27T22:58:43Z
2026-04-20,132,Steve_Jobs,24924,2026-04-27T22:58:43Z
2026-04-20,133,Angus_Cloud,24803,2026-04-27T22:58:43Z
2026-04-20,134,Brooklyn,24745,2026-04-27T22:58:43Z
2026-04-20,135,Wordle,24694,2026-04-27T22:58:43Z
2026-04-20,136,Marshals_(TV_series),24608,2026-04-27T22:58:43Z
2026-04-20,137,Sabrina_Carpenter,24585,2026-04-27T22:58:43Z
2026-04-20,138,Olly_Robbins,24583,2026-04-27T22:58:43Z
2026-04-20,139,Jeffrey_Epstein,24281,2026-04-27T22:58:43Z
2026-04-20,140,Jade_Cargill,24230,2026-04-27T22:58:43Z
2026-04-20,141,Perfect_Crown,24161,2026-04-27T22:58:43Z
2026-04-20,142,2026_Hungarian_parliamentary_election,24054,2026-04-27T22:58:43Z
2026-04-20,143,Elizabeth_II,24018,2026-04-27T22:58:43Z
2026-04-20,144,Blue_Film_(2025_film),23949,2026-04-27T22:58:43Z
2026-04-20,145,Elden_Ring_(film),23840,2026-04-27T22:58:43Z
2026-04-20,146,Cristiano_Ronaldo,23756,2026-04-27T22:58:43Z
2026-04-20,147,Premier_League,23694,2026-04-27T22:58:43Z
2026-04-20,148,Lena_Dunham,23423,2026-04-27T22:58:43Z
2026-04-20,150,2011_Tōhoku_earthquake_and_tsunami,23339,2026-04-27T22:58:43Z
2026-04-20,151,Opinion_polling_for_the_next_United_Kingdom_general_election,23332,2026-04-27T22:58:43Z
2026-04-20,152,Biggest_ball_of_twine,23263,2026-04-27T22:58:43Z
2026-04-20,153,Avengers:_Doomsday,22992,2026-04-27T22:58:43Z
2026-04-20,154,Clavicular_(influencer),22970,2026-04-27T22:58:43Z
2026-04-20,155,Oklahoma_City_bombing,22940,2026-04-27T22:58:43Z
2026-04-20,156,Mindy_Cohn,22884,2026-04-27T22:58:43Z
2026-04-20,157,Ryan_Gosling,22761,2026-04-27T22:58:43Z
2026-04-20,158,Pope_Leo_XIV,22744,2026-04-27T22:58:43Z
2026-04-20,159,October_2024_Bulgarian_parliamentary_election,22550,2026-04-27T22:58:43Z
2026-04-20,160,Jeff_Bezos,22549,2026-04-27T22:58:43Z
2026-04-20,161,Erling_Haaland,22495,2026-04-27T22:58:43Z
2026-04-20,162,Starship_Troopers_(film),22331,2026-04-27T22:58:43Z
2026-04-20,163,Google_Chrome,22287,2026-04-27T22:58:43Z
2026-04-20,164,JD_Vance,22205,2026-04-27T22:58:43Z
2026-04-20,165,The_Testaments_(TV_series),22107,2026-04-27T22:58:43Z
2026-04-20,166,Zohran_Mamdani,22058,2026-04-27T22:58:43Z
2026-04-20,167,Something_Very_Bad_Is_Going_to_Happen,22019,2026-04-27T22:58:43Z
2026-04-20,168,Noah_Wyle,22006,2026-04-27T22:58:43Z
2026-04-20,169,Mount_Shchekavytsia_orgy,21965,2026-04-27T22:58:43Z
2026-04-20,170,2026_elections_in_India,21959,2026-04-27T22:58:43Z
2026-04-20,172,Artemis_II,21891,2026-04-27T22:58:43Z
2026-04-20,173,Deepika_Padukone,21810,2026-04-27T22:58:43Z
2026-04-20,174,Cher,21793,2026-04-27T22:58:43Z
2026-04-20,175,Paradise_(2025_TV_series),21696,2026-04-27T22:58:43Z
2026-04-20,176,Marco_Rose,21690,2026-04-27T22:58:43Z
2026-04-20,177,Taylor_Dearden,21647,2026-04-27T22:58:43Z
2026-04-20,178,Nadia_Farès,21574,2026-04-27T22:58:43Z
2026-04-20,179,Ronaldinho,21497,2026-04-27T22:58:43Z
2026-04-20,180,The_Housemaid_(2025_film),21367,2026-04-27T22:58:43Z
2026-04-20,182,Sambhavam_Adhyayam_Onnu,21138,2026-04-27T22:58:43Z
2026-04-20,183,Natalie_Portman,21091,2026-04-27T22:58:43Z
2026-04-20,184,Dexter_Lawrence,21085,2026-04-27T22:58:43Z
2026-04-20,185,Vaazha_II:_Biopic_of_a_Billion_Bros,21074,2026-04-27T22:58:43Z
2026-04-20,186,Ella_Langley,21064,2026-04-27T22:58:43Z
2026-04-20,187,2025–26_Premier_League,21062,2026-04-27T22:58:43Z
2026-04-20,188,Dhurandhar,21043,2026-04-27T22:58:43Z
2026-04-20,189,Ken_Karunas,21006,2026-04-27T22:58:43Z
2026-04-20,191,Lee_Cronin_(director),20844,2026-04-27T22:58:43Z
2026-04-20,192,Facebook,20833,2026-04-27T22:58:43Z
2026-04-20,193,John_Casablancas,20595,2026-04-27T22:58:43Z
2026-04-20,194,Elijah_Blue_Allman,20585,2026-04-27T22:58:43Z
2026-04-20,195,Google,20567,2026-04-27T22:58:43Z
2026-04-20,196,Dynatrace,20518,2026-04-27T22:58:43Z
2026-04-20,197,XXXX_(beer),20266,2026-04-27T22:58:43Z
2026-04-20,198,Malcolm_in_the_Middle:_Life's_Still_Unfair,20206,2026-04-27T22:58:43Z
2026-04-20,199,Infowars,20200,2026-04-27T22:58:43Z
2026-04-20,200,Matka_King,20197,2026-04-27T22:58:43Z
2026-04-20,201,Sadie_Sandler,20183,2026-04-27T22:58:43Z
2026-04-20,202,Tiago_Splitter,20168,2026-04-27T22:58:43Z
2026-04-20,203,Riley_Green,20049,2026-04-27T22:58:43Z
2026-04-20,204,Alexa_Demie,20042,2026-04-27T22:58:43Z
2026-04-20,205,Justin_Fairfax,20027,2026-04-27T22:58:43Z
2026-04-20,206,Bulgaria,19857,2026-04-27T22:58:43Z
2026-04-20,207,Sable_(wrestler),19853,2026-04-27T22:58:43Z
2026-04-20,208,Elle_Fanning,19747,2026-04-27T22:58:43Z
2026-04-20,209,Murder_of_Joey_Fischer,19741,2026-04-27T22:58:43Z
2026-04-20,210,Péter_Magyar,19738,2026-04-27T22:58:43Z
2026-04-20,211,Balamory,19673,2026-04-27T22:58:43Z
2026-04-20,212,We_Continue_the_Change_–_Democratic_Bulgaria,19662,2026-04-27T22:58:43Z
